date,sku_id,category,units_sold,units_received,closing_stock,lead_time_days
2026-01-01,SKU-1000,Snacks,110.0,0,403.0,7
2026-01-02,SKU-1000,Snacks,278.0,0,125.0,7
2026-01-03,SKU-1000,Snacks,121.0,903,907.0,7
2026-01-04,SKU-1000,Snacks,75.0,0,832.0,7
2026-01-05,SKU-1000,Snacks,71.0,0,761.0,7
2026-01-06,SKU-1000,Snacks,103.0,0,658.0,7
2026-01-07,SKU-1000,Snacks,133.0,0,525.0,7
2026-01-08,SKU-1000,Snacks,106.0,0,419.0,7
2026-01-09,SKU-1000,Snacks,112.0,0,307.0,7
2026-01-10,SKU-1000,Snacks,142.0,761,926.0,7
2026-01-11,SKU-1000,Snacks,14.0,0,912.0,7
2026-01-12,SKU-1000,Snacks,71.0,0,841.0,7
2026-01-13,SKU-1000,Snacks,132.0,0,709.0,7
2026-01-14,SKU-1000,Snacks,119.0,896,1486.0,7
2026-01-15,SKU-1000,Snacks,143.0,0,1343.0,7
2026-01-16,SKU-1000,Snacks,137.0,0,1206.0,7
2026-01-17,SKU-1000,Snacks,78.0,0,1128.0,7
2026-01-18,SKU-1000,Snacks,122.0,0,1006.0,7
2026-01-19,SKU-1000,Snacks,71.0,0,935.0,7
2026-01-20,SKU-1000,Snacks,105.0,0,830.0,7
2026-01-21,SKU-1000,Snacks,122.0,0,708.0,7
2026-01-22,SKU-1000,Snacks,82.0,0,626.0,7
2026-01-23,SKU-1000,Snacks,112.0,0,514.0,7
2026-01-24,SKU-1000,Snacks,124.0,0,390.0,7
2026-01-25,SKU-1000,Snacks,83.0,1000,1307.0,7
2026-01-26,SKU-1000,Snacks,181.0,0,1126.0,7
2026-01-27,SKU-1000,Snacks,116.0,0,1010.0,7
2026-01-28,SKU-1000,Snacks,79.0,0,931.0,7
2026-01-29,SKU-1000,Snacks,97.0,0,834.0,7
2026-01-30,SKU-1000,Snacks,90.0,0,744.0,7
2026-01-31,SKU-1000,Snacks,122.0,0,622.0,7
2026-02-01,SKU-1000,Snacks,76.0,0,546.0,7
2026-02-02,SKU-1000,Snacks,106.0,0,440.0,7
2026-02-03,SKU-1000,Snacks,106.0,0,334.0,7
2026-02-04,SKU-1000,Snacks,108.0,0,226.0,7
2026-02-05,SKU-1000,Snacks,92.0,0,134.0,7
2026-02-06,SKU-1000,Snacks,93.0,0,41.0,7
2026-02-07,SKU-1000,Snacks,111.0,0,0.0,7
2026-02-08,SKU-1000,Snacks,89.0,0,0.0,7
2026-02-09,SKU-1000,Snacks,137.0,0,0.0,7
2026-02-10,SKU-1000,Snacks,89.0,822,733.0,7
2026-02-11,SKU-1000,Snacks,133.0,1132,1732.0,7
2026-02-12,SKU-1000,Snacks,112.0,0,1620.0,7
2026-02-13,SKU-1000,Snacks,118.0,0,1502.0,7
2026-02-14,SKU-1000,Snacks,104.0,0,,7
2026-02-15,SKU-1000,Snacks,105.0,0,1293.0,7
2026-02-16,SKU-1000,Snacks,125.0,0,1168.0,7
2026-02-17,SKU-1000,Snacks,143.0,0,1025.0,7
2026-02-18,SKU-1000,Snacks,86.0,0,939.0,7
2026-02-19,SKU-1000,Snacks,81.0,0,858.0,7
2026-02-20,SKU-1000,SNACKS,105.0,0,753.0,7
2026-02-21,SKU-1000,Snacks,92.0,0,661.0,7
2026-02-22,SKU-1000,Snacks,113.0,978,1526.0,7
2026-02-23,SKU-1000,Snacks,58.0,0,1468.0,7
2026-02-24,SKU-1000,Snacks,109.0,0,1359.0,7
2026-02-25,SKU-1000,Snacks,139.0,0,1220.0,7
2026-02-26,SKU-1000,Snacks,110.0,0,1110.0,7
2026-02-27,SKU-1000,Snacks,64.0,0,1046.0,7
2026-02-28,SKU-1000,Snacks,57.0,0,989.0,7
2026-03-01,SKU-1000,Snacks,97.0,0,892.0,7
2026-03-02,SKU-1000,SNACKS,,0,728.0,7
2026-03-03,SKU-1000,Snacks,156.0,939,1511.0,7
2026-03-04,SKU-1000,Snacks,76.0,0,1435.0,7
2026-03-05,SKU-1000,Snacks,66.0,0,1369.0,7
2026-03-06,SKU-1000,Snacks,75.0,0,1294.0,7
2026-03-07,SKU-1000,Snacks,136.0,0,1158.0,7
2026-03-08,SKU-1000,Snacks,113.0,0,1045.0,7
2026-03-09,SKU-1000,Snacks,89.0,0,956.0,7
2026-03-10,SKU-1000,Snacks,197.0,0,759.0,7
2026-03-11,SKU-1000,Snacks,120.0,0,639.0,7
2026-03-12,SKU-1000,Snacks,113.0,0,,7
2026-03-13,SKU-1000,Snacks,95.0,0,431.0,7
2026-03-14,SKU-1000,Snacks,91.0,0,340.0,7
2026-03-15,SKU-1000,Snacks,118.0,1120,1342.0,7
2026-03-16,SKU-1000,Snacks,140.0,0,1202.0,7
2026-03-17,SKU-1000,Snacks,109.0,0,1093.0,7
2026-03-18,SKU-1000,Snacks,77.0,0,1016.0,7
2026-03-19,SKU-1000,Snacks,56.0,0,960.0,7
2026-03-20,SKU-1000,Snacks,151.0,0,809.0,7
2026-03-21,SKU-1000,Snacks,85.0,0,724.0,7
2026-03-22,SKU-1000,Snacks,108.0,0,616.0,7
2026-03-23,SKU-1000,Snacks,123.0,0,493.0,7
2026-03-24,SKU-1000,Snacks,94.0,0,399.0,7
2026-03-25,SKU-1000,Snacks,107.0,0,292.0,7
2026-03-26,SKU-1000,Snacks,96.0,1114,1310.0,7
2026-03-27,SKU-1000,Snacks,134.0,0,1176.0,7
2026-03-28,SKU-1000,Snacks,182.0,0,994.0,7
2026-03-29,SKU-1000,Snacks,105.0,0,889.0,7
2026-03-30,SKU-1000,Snacks,117.0,0,772.0,7
2026-03-31,SKU-1000,Snacks,139.0,0,633.0,7
2026-04-01,SKU-1000,Snacks,128.0,0,505.0,7
2026-04-02,SKU-1000,Snacks,124.0,898,1279.0,7
2026-04-03,SKU-1000,Snacks,108.0,0,1171.0,7
2026-04-04,SKU-1000,Snacks,91.0,0,1080.0,7
2026-04-05,SKU-1000,Snacks,72.0,0,,7
2026-04-06,SKU-1000,Snacks,86.0,0,922.0,7
2026-04-07,SKU-1000,Snacks,,0,811.0,7
2026-04-08,SKU-1000,Snacks,100.0,0,711.0,7
2026-04-09,SKU-1000,Snacks,155.0,0,556.0,7
2026-04-10,SKU-1000,Snacks,119.0,1012,1449.0,7
2026-04-11,SKU-1000,Snacks,80.0,0,1369.0,7
2026-04-12,SKU-1000,Snacks,123.0,0,1246.0,7
2026-04-13,SKU-1000,Snacks,92.0,0,1154.0,7
2026-04-14,SKU-1000,Snacks,105.0,0,1049.0,7
2026-04-15,SKU-1000,Snacks,117.0,0,932.0,7
2026-04-16,SKU-1000,Snacks,118.0,0,814.0,7
2026-04-17,SKU-1000,Snacks,135.0,0,679.0,7
2026-04-18,SKU-1000,Snacks,156.0,0,523.0,7
2026-04-19,SKU-1000,Snacks,149.0,0,374.0,7
2026-04-20,SKU-1000,Snacks,119.0,0,255.0,7
2026-04-21,SKU-1000,Snacks,99.0,0,156.0,7
2026-04-22,SKU-1000,Snacks,76.0,0,80.0,7
2026-04-23,SKU-1000,Snacks,102.0,0,0.0,7
2026-04-24,SKU-1000,Snacks,117.0,0,0.0,7
2026-04-25,SKU-1000,Snacks,76.0,909,833.0,7
2026-04-26,SKU-1000,Snacks,124.0,0,709.0,7
2026-04-27,SKU-1000,Snacks,125.0,907,1491.0,7
2026-04-28,SKU-1000,Snacks,128.0,0,1363.0,7
2026-04-29,SKU-1000,Snacks,42.0,0,1321.0,7
2026-04-30,SKU-1000,Snacks,142.0,0,1179.0,7
2026-05-01,SKU-1000,Snacks,101.0,0,1078.0,7
2026-05-02,SKU-1000,Snacks,109.0,0,969.0,7
2026-05-03,SKU-1000,Snacks,80.0,0,889.0,7
2026-05-04,SKU-1000,Snacks,149.0,0,740.0,7
2026-05-05,SKU-1000,Snacks,89.0,0,651.0,7
2026-05-06,SKU-1000,Snacks,108.0,892,1435.0,7
2026-05-07,SKU-1000,Snacks,102.0,0,1333.0,7
2026-05-08,SKU-1000,Snacks,62.0,0,1271.0,7
2026-05-09,SKU-1000,Snacks,86.0,0,1185.0,7
2026-05-10,SKU-1000,Snacks,93.0,0,1092.0,7
2026-05-11,SKU-1000,Snacks,112.0,0,980.0,7
2026-05-12,SKU-1000,Snacks,142.0,0,838.0,7
2026-05-13,SKU-1000,Snacks,97.0,0,741.0,7
2026-05-14,SKU-1000,Snacks,150.0,761,1352.0,7
2026-05-15,SKU-1000,Snacks,111.0,0,1241.0,7
2026-05-16,SKU-1000,Snacks,90.0,0,1151.0,7
2026-05-17,SKU-1000,Snacks,127.0,0,1024.0,7
2026-05-18,SKU-1000,Snacks,130.0,0,894.0,7
2026-05-19,SKU-1000,Snacks,89.0,0,805.0,7
2026-05-20,SKU-1000,Snacks,96.0,0,709.0,7
2026-05-21,SKU-1000,Snacks,111.0,0,598.0,7
2026-05-22,SKU-1000,Snacks,94.0,1055,1559.0,7
2026-05-23,SKU-1000,SNACKS,88.0,0,1471.0,7
2026-05-24,SKU-1000,Snacks,168.0,0,1303.0,7
2026-05-25,SKU-1000,Snacks,115.0,0,1188.0,7
2026-05-26,SKU-1000,Snacks,136.0,0,1052.0,7
2026-05-27,SKU-1000,Snacks,122.0,0,930.0,7
2026-05-28,SKU-1000,Snacks,99.0,0,831.0,7
2026-05-29,SKU-1000,Snacks,155.0,0,676.0,7
2026-05-30,SKU-1000,SNACKS,108.0,773,1341.0,7
2026-05-31,SKU-1000,Snacks,65.0,0,1276.0,7
2026-06-01,SKU-1000,Snacks,141.0,0,1135.0,7
2026-06-02,SKU-1000,Snacks,179.0,0,956.0,7
2026-06-03,SKU-1000,Snacks,84.0,0,872.0,7
2026-06-04,SKU-1000,Snacks,139.0,0,733.0,7
2026-06-05,SKU-1000,Snacks,,0,634.0,7
2026-06-06,SKU-1000,Snacks,70.0,0,564.0,7
2026-06-07,SKU-1000,Snacks,70.0,880,1374.0,7
2026-06-08,SKU-1000,Snacks,92.0,0,1282.0,7
2026-06-09,SKU-1000,Snacks,106.0,0,1176.0,7
2026-06-10,SKU-1000,Snacks,120.0,0,1056.0,7
2026-06-11,SKU-1000,Snacks,112.0,0,944.0,7
2026-06-12,SKU-1000,Snacks,152.0,0,792.0,7
2026-06-13,SKU-1000,Snacks,109.0,0,683.0,7
2026-06-14,SKU-1000,Snacks,115.0,0,568.0,7
2026-06-15,SKU-1000,Snacks,126.0,0,442.0,7
2026-06-16,SKU-1000,Snacks,121.0,0,321.0,7
2026-06-17,SKU-1000,Snacks,78.0,0,243.0,7
2026-06-18,SKU-1000,Snacks,148.0,0,95.0,7
2026-06-19,SKU-1000,Snacks,72.0,0,23.0,7
2026-06-20,SKU-1000,Snacks,64.0,944,903.0,7
2026-06-21,SKU-1000,Snacks,74.0,0,829.0,7
2026-06-22,SKU-1000,Snacks,103.0,0,726.0,7
2026-06-23,SKU-1000,Snacks,50.0,0,676.0,7
2026-06-24,SKU-1000,Snacks,59.0,0,617.0,7
2026-06-25,SKU-1000,Snacks,136.0,0,,7
2026-06-26,SKU-1000,Snacks,60.0,0,421.0,7
2026-06-27,SKU-1000,Snacks,168.0,0,253.0,7
2026-06-28,SKU-1000,Snacks,151.0,0,102.0,7
2026-06-29,SKU-1000,Snacks,116.0,0,0.0,7
2026-01-01,SKU-1001,Beverages,,0,3108.0,5
2026-01-02,SKU-1001,Beverages,453.0,0,2655.0,5
2026-01-03,SKU-1001,Beverages,340.0,0,2315.0,5
2026-01-04,SKU-1001,Beverages,373.0,0,1942.0,5
2026-01-05,SKU-1001,Beverages,445.0,0,1497.0,5
2026-01-06,SKU-1001,Beverages,468.0,3067,4096.0,5
2026-01-07,SKU-1001,Beverages,450.0,0,3646.0,5
2026-01-08,SKU-1001,Beverages,435.0,0,3211.0,5
2026-01-09,SKU-1001,Beverages,457.0,0,2754.0,5
2026-01-10,SKU-1001,Beverages,393.0,0,2361.0,5
2026-01-11,SKU-1001,Beverages,342.0,0,2019.0,5
2026-01-12,SKU-1001,Beverages,424.0,0,1595.0,5
2026-01-13,SKU-1001,Beverages,502.0,0,1093.0,5
2026-01-14,SKU-1001,Beverages,475.0,3066,3684.0,5
2026-01-15,SKU-1001,Beverages,479.0,0,3205.0,5
2026-01-16,SKU-1001,Beverages,511.0,0,2694.0,5
2026-01-17,SKU-1001,Beverages,436.0,0,2258.0,5
2026-01-18,SKU-1001,Beverages,379.0,0,1879.0,5
2026-01-19,SKU-1001,Beverages,479.0,2631,4031.0,5
2026-01-20,SKU-1001,Beverages,443.0,0,3588.0,5
2026-01-21,SKU-1001,Beverages,503.0,0,3085.0,5
2026-01-22,SKU-1001,Beverages,414.0,0,2671.0,5
2026-01-23,SKU-1001,Beverages,393.0,0,2278.0,5
2026-01-24,SKU-1001,Beverages,359.0,0,1919.0,5
2026-01-25,SKU-1001,Beverages,436.0,0,1483.0,5
2026-01-26,SKU-1001,Beverages,435.0,0,1048.0,5
2026-01-27,SKU-1001,Beverages,468.0,0,580.0,5
2026-01-28,SKU-1001,Beverages,501.0,0,79.0,5
2026-01-29,SKU-1001,Beverages,518.0,0,0.0,5
2026-01-30,SKU-1001,Beverages,403.0,0,0.0,5
2026-01-31,SKU-1001,Beverages,407.0,2562,2155.0,5
2026-02-01,SKU-1001,Beverages,135.0,0,2020.0,5
2026-02-02,SKU-1001,Beverages,471.0,0,1549.0,5
2026-02-03,SKU-1001,Beverages,366.0,2691,3874.0,5
2026-02-04,SKU-1001,Beverages,460.0,0,3414.0,5
2026-02-05,SKU-1001,Beverages,441.0,0,2973.0,5
2026-02-06,SKU-1001,Beverages,1068.0,0,1905.0,5
2026-02-07,SKU-1001,Beverages,446.0,0,1459.0,5
2026-02-08,SKU-1001,Beverages,507.0,3180,4132.0,5
2026-02-09,SKU-1001,Beverages,439.0,0,3693.0,5
2026-02-10,SKU-1001,Beverages,462.0,0,3231.0,5
2026-02-11,SKU-1001,Beverages,447.0,0,2784.0,5
2026-02-12,SKU-1001,Beverages,343.0,0,2441.0,5
2026-02-13,SKU-1001,Beverages,464.0,0,1977.0,5
2026-02-14,SKU-1001,Beverages,352.0,2366,3991.0,5
2026-02-15,SKU-1001,Beverages,382.0,0,3609.0,5
2026-02-16,SKU-1001,Beverages,745.0,0,2864.0,5
2026-02-17,SKU-1001,Beverages,416.0,0,2448.0,5
2026-02-18,SKU-1001,Beverages,455.0,0,1993.0,5
2026-02-19,SKU-1001,Beverages,442.0,0,1551.0,5
2026-02-20,SKU-1001,Beverages,381.0,2288,3458.0,5
2026-02-21,SKU-1001,Beverages,426.0,0,3032.0,5
2026-02-22,SKU-1001,Beverages,422.0,0,2610.0,5
2026-02-23,SKU-1001,Beverages,387.0,0,2223.0,5
2026-02-24,SKU-1001,Beverages,433.0,0,1790.0,5
2026-02-25,SKU-1001,Beverages,409.0,0,1381.0,5
2026-02-26,SKU-1001,Beverages,379.0,3148,4150.0,5
2026-02-27,SKU-1001,Beverages,401.0,0,3749.0,5
2026-02-28,SKU-1001,Beverages,391.0,0,3358.0,5
2026-03-01,SKU-1001,Beverages,460.0,0,2898.0,5
2026-03-02,SKU-1001,Beverages,412.0,0,2486.0,5
2026-03-03,SKU-1001,Beverages,445.0,0,2041.0,5
2026-03-04,SKU-1001,Beverages,399.0,0,1642.0,5
2026-03-05,SKU-1001,Beverages,114.0,0,1528.0,5
2026-03-06,SKU-1001,Beverages,,3198,4295.0,5
2026-03-07,SKU-1001,Beverages,439.0,0,3856.0,5
2026-03-08,SKU-1001,Beverages,387.0,0,3469.0,5
2026-03-09,SKU-1001,Beverages,437.0,0,3032.0,5
2026-03-10,SKU-1001,Beverages,437.0,0,2595.0,5
2026-03-11,SKU-1001,Beverages,409.0,0,2186.0,5
2026-03-12,SKU-1001,Beverages,412.0,0,1774.0,5
2026-03-13,SKU-1001,Beverages,522.0,2482,3734.0,5
2026-03-14,SKU-1001,Beverages,382.0,0,3352.0,5
2026-03-15,SKU-1001,Beverages,414.0,0,2938.0,5
2026-03-16,SKU-1001,Beverages,434.0,0,2504.0,5
2026-03-17,SKU-1001,Beverages,536.0,0,1968.0,5
2026-03-18,SKU-1001,Beverages,495.0,0,1473.0,5
2026-03-19,SKU-1001,Beverages,490.0,3237,4220.0,5
2026-03-20,SKU-1001,Beverages,371.0,0,3849.0,5
2026-03-21,SKU-1001,Beverages,395.0,0,3454.0,5
2026-03-22,SKU-1001,Beverages,457.0,0,2997.0,5
2026-03-23,SKU-1001,Beverages,478.0,0,2519.0,5
2026-03-24,SKU-1001,Beverages,496.0,0,2023.0,5
2026-03-25,SKU-1001,Beverages,474.0,0,1549.0,5
2026-03-26,SKU-1001,Beverages,448.0,0,1101.0,5
2026-03-27,SKU-1001,Beverages,447.0,0,654.0,5
2026-03-28,SKU-1001,Beverages,387.0,0,267.0,5
2026-03-29,SKU-1001,Beverages,398.0,0,0.0,5
2026-03-30,SKU-1001,Beverages,492.0,0,0.0,5
2026-03-31,SKU-1001,BEVERAGES,470.0,3149,2679.0,5
2026-04-01,SKU-1001,Beverages,498.0,0,2181.0,5
2026-04-02,SKU-1001,Beverages,452.0,0,1729.0,5
2026-04-03,SKU-1001,Beverages,,0,1328.0,5
2026-04-04,SKU-1001,Beverages,312.0,0,1016.0,5
2026-04-05,SKU-1001,Beverages,376.0,2520,3160.0,5
2026-04-06,SKU-1001,Beverages,466.0,0,2694.0,5
2026-04-07,SKU-1001,Beverages,380.0,0,2314.0,5
2026-04-08,SKU-1001,Beverages,416.0,0,1898.0,5
2026-04-09,SKU-1001,Beverages,443.0,0,1455.0,5
2026-04-10,SKU-1001,Beverages,389.0,0,1066.0,5
2026-04-11,SKU-1001,Beverages,445.0,2436,3057.0,5
2026-04-12,SKU-1001,Beverages,469.0,0,2588.0,5
2026-04-13,SKU-1001,Beverages,415.0,0,2173.0,5
2026-04-14,SKU-1001,Beverages,454.0,0,1719.0,5
2026-04-15,SKU-1001,Beverages,451.0,3090,4358.0,5
2026-04-16,SKU-1001,Beverages,401.0,0,3957.0,5
2026-04-17,SKU-1001,Beverages,510.0,0,3447.0,5
2026-04-18,SKU-1001,Beverages,436.0,0,3011.0,5
2026-04-19,SKU-1001,Beverages,428.0,0,2583.0,5
2026-04-20,SKU-1001,Beverages,477.0,0,2106.0,5
2026-04-21,SKU-1001,Beverages,498.0,2944,4552.0,5
2026-04-22,SKU-1001,Beverages,427.0,0,4125.0,5
2026-04-23,SKU-1001,Beverages,307.0,0,3818.0,5
2026-04-24,SKU-1001,Beverages,387.0,0,3431.0,5
2026-04-25,SKU-1001,Beverages,342.0,0,3089.0,5
2026-04-26,SKU-1001,Beverages,425.0,0,2664.0,5
2026-04-27,SKU-1001,Beverages,450.0,0,2214.0,5
2026-04-28,SKU-1001,Beverages,490.0,0,1724.0,5
2026-04-29,SKU-1001,Beverages,439.0,3101,4386.0,5
2026-04-30,SKU-1001,Beverages,468.0,0,3918.0,5
2026-05-01,SKU-1001,Beverages,393.0,0,3525.0,5
2026-05-02,SKU-1001,Beverages,119.0,0,3406.0,5
2026-05-03,SKU-1001,Beverages,415.0,0,2991.0,5
2026-05-04,SKU-1001,Beverages,436.0,0,2555.0,5
2026-05-05,SKU-1001,Beverages,447.0,0,2108.0,5
2026-05-06,SKU-1001,Beverages,476.0,0,1632.0,5
2026-05-07,SKU-1001,Beverages,455.0,0,1177.0,5
2026-05-08,SKU-1001,Beverages,435.0,0,742.0,5
2026-05-09,SKU-1001,Beverages,384.0,0,358.0,5
2026-05-10,SKU-1001,Beverages,412.0,0,0.0,5
2026-05-11,SKU-1001,Beverages,428.0,0,0.0,5
2026-05-12,SKU-1001,Beverages,375.0,0,0.0,5
2026-05-13,SKU-1001,Beverages,414.0,2285,1871.0,5
2026-05-14,SKU-1001,Beverages,441.0,3238,4668.0,5
2026-05-15,SKU-1001,Beverages,411.0,0,4257.0,5
2026-05-16,SKU-1001,Beverages,359.0,0,3898.0,5
2026-05-17,SKU-1001,Beverages,441.0,0,3457.0,5
2026-05-18,SKU-1001,Beverages,425.0,0,3032.0,5
2026-05-19,SKU-1001,Beverages,499.0,0,2533.0,5
2026-05-20,SKU-1001,Beverages,451.0,0,2082.0,5
2026-05-21,SKU-1001,Beverages,477.0,0,1605.0,5
2026-05-22,SKU-1001,Beverages,446.0,0,1159.0,5
2026-05-23,SKU-1001,Beverages,446.0,2947,3660.0,5
2026-05-24,SKU-1001,Beverages,425.0,0,3235.0,5
2026-05-25,SKU-1001,Beverages,404.0,0,2831.0,5
2026-05-26,SKU-1001,Beverages,459.0,0,2372.0,5
2026-05-27,SKU-1001,Beverages,454.0,0,1918.0,5
2026-05-28,SKU-1001,Beverages,446.0,2957,4429.0,5
2026-05-29,SKU-1001,Beverages,433.0,0,3996.0,5
2026-05-30,SKU-1001,Beverages,418.0,0,3578.0,5
2026-05-31,SKU-1001,Beverages,496.0,0,3082.0,5
2026-06-01,SKU-1001,Beverages,789.0,0,2293.0,5
2026-06-02,SKU-1001,Beverages,449.0,0,,5
2026-06-03,SKU-1001,Beverages,436.0,0,1408.0,5
2026-06-04,SKU-1001,Beverages,487.0,2893,3814.0,5
2026-06-05,SKU-1001,Beverages,442.0,0,3372.0,5
2026-06-06,SKU-1001,Beverages,466.0,0,2906.0,5
2026-06-07,SKU-1001,Beverages,420.0,0,2486.0,5
2026-06-08,SKU-1001,Beverages,437.0,0,2049.0,5
2026-06-09,SKU-1001,Beverages,498.0,0,1551.0,5
2026-06-10,SKU-1001,Beverages,437.0,0,1114.0,5
2026-06-11,SKU-1001,Beverages,427.0,0,687.0,5
2026-06-12,SKU-1001,Beverages,417.0,3288,3558.0,5
2026-06-13,SKU-1001,Beverages,478.0,0,3080.0,5
2026-06-14,SKU-1001,Beverages,429.0,0,2651.0,5
2026-06-15,SKU-1001,Beverages,392.0,0,2259.0,5
2026-06-16,SKU-1001,Beverages,475.0,0,1784.0,5
2026-06-17,SKU-1001,Beverages,492.0,0,1292.0,5
2026-06-18,SKU-1001,Beverages,383.0,0,909.0,5
2026-06-19,SKU-1001,Beverages,494.0,2845,3260.0,5
2026-06-20,SKU-1001,Beverages,453.0,0,2807.0,5
2026-06-21,SKU-1001,Beverages,457.0,0,2350.0,5
2026-06-22,SKU-1001,Beverages,410.0,0,1940.0,5
2026-06-23,SKU-1001,Beverages,430.0,3150,4660.0,5
2026-06-24,SKU-1001,Beverages,497.0,0,4163.0,5
2026-06-25,SKU-1001,Beverages,331.0,0,3832.0,5
2026-06-26,SKU-1001,Beverages,368.0,0,3464.0,5
2026-06-27,SKU-1001,Beverages,442.0,0,3022.0,5
2026-06-28,SKU-1001,Beverages,409.0,0,2613.0,5
2026-06-29,SKU-1001,Beverages,381.0,0,2232.0,5
2026-01-01,SKU-1002,Sugar,245.0,0,1722.0,3
2026-01-02,SKU-1002,Sugar,146.0,0,1576.0,3
2026-01-03,SKU-1002,Sugar,243.0,0,1333.0,3
2026-01-04,SKU-1002,Sugar,269.0,0,1064.0,3
2026-01-05,SKU-1002,Sugar,225.0,0,839.0,3
2026-01-06,SKU-1002,Sugar,222.0,0,617.0,3
2026-01-07,SKU-1002,Sugar,302.0,0,315.0,3
2026-01-08,SKU-1002,Sugar,466.0,0,0.0,3
2026-01-09,SKU-1002,Sugar,216.0,703,487.0,3
2026-01-10,SKU-1002,Sugar,153.0,0,334.0,3
2026-01-11,SKU-1002,Sugar,193.0,977,1118.0,3
2026-01-12,SKU-1002,Sugar,209.0,0,909.0,3
2026-01-13,SKU-1002,Sugar,416.0,0,493.0,3
2026-01-14,SKU-1002,Sugar,252.0,922,1163.0,3
2026-01-15,SKU-1002,Sugar,239.0,0,924.0,3
2026-01-16,SKU-1002,Sugar,237.0,0,687.0,3
2026-01-17,SKU-1002,Sugar,174.0,0,513.0,3
2026-01-18,SKU-1002,Sugar,194.0,755,1074.0,3
2026-01-19,SKU-1002,Sugar,234.0,0,840.0,3
2026-01-20,SKU-1002,Sugar,216.0,0,624.0,3
2026-01-21,SKU-1002,Sugar,234.0,874,1264.0,3
2026-01-22,SKU-1002,Sugar,260.0,0,1004.0,3
2026-01-23,SKU-1002,Sugar,252.0,0,752.0,3
2026-01-24,SKU-1002,Sugar,262.0,0,490.0,3
2026-01-25,SKU-1002,Sugar,199.0,0,291.0,3
2026-01-26,SKU-1002,Sugar,225.0,0,66.0,3
2026-01-27,SKU-1002,Sugar,188.0,0,0.0,3
2026-01-28,SKU-1002,Sugar,255.0,0,0.0,3
2026-01-29,SKU-1002,Sugar,228.0,0,0.0,3
2026-01-30,SKU-1002,Sugar,,818,561.0,3
2026-01-31,SKU-1002,Sugar,192.0,0,369.0,3
2026-02-01,SKU-1002,Sugar,198.0,0,171.0,3
2026-02-02,SKU-1002,Sugar,237.0,0,0.0,3
2026-02-03,SKU-1002,Sugar,230.0,0,0.0,3
2026-02-04,SKU-1002,Sugar,232.0,962,730.0,3
2026-02-05,SKU-1002,Sugar,257.0,0,473.0,3
2026-02-06,SKU-1002,Sugar,205.0,870,1138.0,3
2026-02-07,SKU-1002,Sugar,241.0,0,897.0,3
2026-02-08,SKU-1002,Sugar,229.0,0,668.0,3
2026-02-09,SKU-1002,Sugar,268.0,0,400.0,3
2026-02-10,SKU-1002,Sugar,219.0,0,181.0,3
2026-02-11,SKU-1002,Sugar,216.0,799,764.0,3
2026-02-12,SKU-1002,Sugar,226.0,0,538.0,3
2026-02-13,SKU-1002,Sugar,203.0,0,335.0,3
2026-02-14,SKU-1002,Sugar,188.0,0,147.0,3
2026-02-15,SKU-1002,Sugar,194.0,857,810.0,3
2026-02-16,SKU-1002,Sugar,212.0,0,598.0,3
2026-02-17,SKU-1002,Sugar,585.0,0,13.0,3
2026-02-18,SKU-1002,Sugar,280.0,0,0.0,3
2026-02-19,SKU-1002,Sugar,234.0,0,0.0,3
2026-02-20,SKU-1002,Sugar,260.0,0,0.0,3
2026-02-21,SKU-1002,Sugar,165.0,855,690.0,3
2026-02-22,SKU-1002,Sugar,182.0,784,1292.0,3
2026-02-23,SKU-1002,Sugar,259.0,0,1033.0,3
2026-02-24,SKU-1002,Sugar,183.0,0,850.0,3
2026-02-25,SKU-1002,Sugar,235.0,0,615.0,3
2026-02-26,SKU-1002,Sugar,222.0,0,393.0,3
2026-02-27,SKU-1002,Sugar,435.0,0,0.0,3
2026-02-28,SKU-1002,Sugar,185.0,0,0.0,3
2026-03-01,SKU-1002,Sugar,209.0,0,0.0,3
2026-03-02,SKU-1002,Sugar,228.0,0,0.0,3
2026-03-03,SKU-1002,Sugar,241.0,698,457.0,3
2026-03-04,SKU-1002,Sugar,235.0,828,1050.0,3
2026-03-05,SKU-1002,Sugar,206.0,0,844.0,3
2026-03-06,SKU-1002,Sugar,241.0,0,603.0,3
2026-03-07,SKU-1002,Sugar,198.0,0,405.0,3
2026-03-08,SKU-1002,Sugar,287.0,0,118.0,3
2026-03-09,SKU-1002,Sugar,261.0,0,0.0,3
2026-03-10,SKU-1002,Sugar,242.0,0,0.0,3
2026-03-11,SKU-1002,Sugar,242.0,0,0.0,3
2026-03-12,SKU-1002,Sugar,213.0,0,0.0,3
2026-03-13,SKU-1002,Sugar,239.0,0,0.0,3
2026-03-14,SKU-1002,Sugar,214.0,916,702.0,3
2026-03-15,SKU-1002,Sugar,,0,514.0,3
2026-03-16,SKU-1002,Sugar,46.0,0,468.0,3
2026-03-17,SKU-1002,Sugar,283.0,0,185.0,3
2026-03-18,SKU-1002,Sugar,243.0,0,0.0,3
2026-03-19,SKU-1002,Sugar,230.0,684,454.0,3
2026-03-20,SKU-1002,Sugar,208.0,0,246.0,3
2026-03-21,SKU-1002,Sugar,244.0,732,734.0,3
2026-03-22,SKU-1002,Sugar,238.0,0,496.0,3
2026-03-23,SKU-1002,Sugar,207.0,0,289.0,3
2026-03-24,SKU-1002,Sugar,276.0,0,13.0,3
2026-03-25,SKU-1002,Sugar,185.0,798,626.0,3
2026-03-26,SKU-1002,Sugar,268.0,0,358.0,3
2026-03-27,SKU-1002,Sugar,,0,80.0,3
2026-03-28,SKU-1002,Sugar,216.0,0,0.0,3
2026-03-29,SKU-1002,Sugar,211.0,945,734.0,3
2026-03-30,SKU-1002,Sugar,269.0,0,465.0,3
2026-03-31,SKU-1002,Sugar,218.0,0,247.0,3
2026-04-01,SKU-1002,Sugar,286.0,967,928.0,3
2026-04-02,SKU-1002,Sugar,262.0,0,666.0,3
2026-04-03,SKU-1002,Sugar,234.0,953,1385.0,3
2026-04-04,SKU-1002,Sugar,263.0,0,1122.0,3
2026-04-05,SKU-1002,Sugar,207.0,0,915.0,3
2026-04-06,SKU-1002,Sugar,244.0,0,671.0,3
2026-04-07,SKU-1002,Sugar,174.0,0,497.0,3
2026-04-08,SKU-1002,Sugar,,0,219.0,3
2026-04-09,SKU-1002,Sugar,303.0,0,0.0,3
2026-04-10,SKU-1002,Sugar,163.0,0,0.0,3
2026-04-11,SKU-1002,Sugar,202.0,744,542.0,3
2026-04-12,SKU-1002,Sugar,251.0,0,291.0,3
2026-04-13,SKU-1002,Sugar,282.0,0,9.0,3
2026-04-14,SKU-1002,Sugar,266.0,0,0.0,3
2026-04-15,SKU-1002,Sugar,364.0,857,493.0,3
2026-04-16,SKU-1002,Sugar,275.0,0,218.0,3
2026-04-17,SKU-1002,Sugar,201.0,0,17.0,3
2026-04-18,SKU-1002,Sugar,106.0,0,0.0,3
2026-04-19,SKU-1002,Sugar,254.0,0,0.0,3
2026-04-20,SKU-1002,Sugar,237.0,0,0.0,3
2026-04-21,SKU-1002,Sugar,221.0,0,0.0,3
2026-04-22,SKU-1002,Sugar,284.0,0,0.0,3
2026-04-23,SKU-1002,Sugar,274.0,0,0.0,3
2026-04-24,SKU-1002,Sugar,217.0,0,0.0,3
2026-04-25,SKU-1002,Sugar,253.0,690,437.0,3
2026-04-26,SKU-1002,Sugar,260.0,0,177.0,3
2026-04-27,SKU-1002,Sugar,259.0,0,0.0,3
2026-04-28,SKU-1002,Sugar,226.0,0,0.0,3
2026-04-29,SKU-1002,Sugar,227.0,0,0.0,3
2026-04-30,SKU-1002,Sugar,304.0,0,0.0,3
2026-05-01,SKU-1002,Sugar,283.0,907,624.0,3
2026-05-02,SKU-1002,Sugar,231.0,0,393.0,3
2026-05-03,SKU-1002,Sugar,230.0,0,163.0,3
2026-05-04,SKU-1002,Sugar,,705,570.0,3
2026-05-05,SKU-1002,Sugar,259.0,0,311.0,3
2026-05-06,SKU-1002,Sugar,263.0,734,782.0,3
2026-05-07,SKU-1002,Sugar,257.0,0,525.0,3
2026-05-08,SKU-1002,Sugar,248.0,0,277.0,3
2026-05-09,SKU-1002,Sugar,198.0,0,79.0,3
2026-05-10,SKU-1002,Sugar,248.0,0,0.0,3
2026-05-11,SKU-1002,Sugar,223.0,0,0.0,3
2026-05-12,SKU-1002,Sugar,265.0,0,0.0,3
2026-05-13,SKU-1002,Sugar,246.0,0,0.0,3
2026-05-14,SKU-1002,Sugar,308.0,0,0.0,3
2026-05-15,SKU-1002,Sugar,,0,0.0,3
2026-05-16,SKU-1002,Sugar,261.0,0,0.0,3
2026-05-17,SKU-1002,Sugar,294.0,0,0.0,3
2026-05-18,SKU-1002,Sugar,319.0,784,465.0,3
2026-05-19,SKU-1002,Sugar,223.0,0,242.0,3
2026-05-20,SKU-1002,Sugar,171.0,0,71.0,3
2026-05-21,SKU-1002,Sugar,426.0,791,436.0,3
2026-05-22,SKU-1002,Sugar,253.0,753,936.0,3
2026-05-23,SKU-1002,Sugar,202.0,0,734.0,3
2026-05-24,SKU-1002,Sugar,207.0,0,527.0,3
2026-05-25,SKU-1002,Sugar,242.0,864,1149.0,3
2026-05-26,SKU-1002,Sugar,309.0,0,840.0,3
2026-05-27,SKU-1002,Sugar,329.0,0,511.0,3
2026-05-28,SKU-1002,Sugar,244.0,951,1218.0,3
2026-05-29,SKU-1002,Sugar,291.0,0,927.0,3
2026-05-30,SKU-1002,Sugar,223.0,0,704.0,3
2026-05-31,SKU-1002,Sugar,,0,448.0,3
2026-06-01,SKU-1002,Sugar,236.0,667,879.0,3
2026-06-02,SKU-1002,Sugar,258.0,0,621.0,3
2026-06-03,SKU-1002,Sugar,355.0,793,1059.0,3
2026-06-04,SKU-1002,Sugar,330.0,0,729.0,3
2026-06-05,SKU-1002,Sugar,259.0,0,470.0,3
2026-06-06,SKU-1002,Sugar,201.0,944,1213.0,3
2026-06-07,SKU-1002,Sugar,235.0,0,978.0,3
2026-06-08,SKU-1002,Sugar,299.0,0,679.0,3
2026-06-09,SKU-1002,Sugar,257.0,0,422.0,3
2026-06-10,SKU-1002,Sugar,325.0,0,97.0,3
2026-06-11,SKU-1002,Sugar,426.0,744,415.0,3
2026-06-12,SKU-1002,Sugar,256.0,0,159.0,3
2026-06-13,SKU-1002,Sugar,261.0,788,686.0,3
2026-06-14,SKU-1002,Sugar,227.0,805,1264.0,3
2026-06-15,SKU-1002,Sugar,311.0,0,953.0,3
2026-06-16,SKU-1002,Sugar,277.0,0,676.0,3
2026-06-17,SKU-1002,Sugar,262.0,955,1369.0,3
2026-06-18,SKU-1002,Sugar,170.0,0,1199.0,3
2026-06-19,SKU-1002,Sugar,294.0,0,905.0,3
2026-06-20,SKU-1002,Sugar,328.0,0,577.0,3
2026-06-21,SKU-1002,Sugar,253.0,0,324.0,3
2026-06-22,SKU-1002,Sugar,235.0,899,988.0,3
2026-06-23,SKU-1002,Sugar,336.0,0,652.0,3
2026-06-24,SKU-1002,Sugar,311.0,0,341.0,3
2026-06-25,SKU-1002,Sugar,250.0,0,91.0,3
2026-06-26,SKU-1002,Sugar,211.0,0,0.0,3
2026-06-27,SKU-1002,Sugar,208.0,0,0.0,3
2026-06-28,SKU-1002,Sugar,209.0,0,0.0,3
2026-06-29,SKU-1002,Sugar,238.0,897,659.0,3
2026-01-01,SKU-1003,Beverages,169.0,0,1804.0,7
2026-01-02,SKU-1003,Beverages,240.0,0,1564.0,7
2026-01-03,SKU-1003,Beverages,197.0,1613,2980.0,7
2026-01-04,SKU-1003,Beverages,,0,2812.0,7
2026-01-05,SKU-1003,Beverages,194.0,0,2618.0,7
2026-01-06,SKU-1003,Beverages,259.0,0,2359.0,7
2026-01-07,SKU-1003,Beverages,273.0,0,,7
2026-01-08,SKU-1003,Beverages,176.0,0,1910.0,7
2026-01-09,SKU-1003,Beverages,162.0,0,1748.0,7
2026-01-10,SKU-1003,Beverages,210.0,0,1538.0,7
2026-01-11,SKU-1003,Beverages,140.0,0,1398.0,7
2026-01-12,SKU-1003,Beverages,135.0,0,1263.0,7
2026-01-13,SKU-1003,Beverages,222.0,0,1041.0,7
2026-01-14,SKU-1003,Beverages,250.0,2198,2989.0,7
2026-01-15,SKU-1003,Beverages,188.0,0,2801.0,7
2026-01-16,SKU-1003,Beverages,233.0,0,2568.0,7
2026-01-17,SKU-1003,Beverages,196.0,0,2372.0,7
2026-01-18,SKU-1003,Beverages,482.0,0,1890.0,7
2026-01-19,SKU-1003,Beverages,157.0,0,1733.0,7
2026-01-20,SKU-1003,Beverages,257.0,0,1476.0,7
2026-01-21,SKU-1003,Beverages,249.0,1542,2769.0,7
2026-01-22,SKU-1003,Beverages,251.0,0,2518.0,7
2026-01-23,SKU-1003,Beverages,201.0,0,2317.0,7
2026-01-24,SKU-1003,Beverages,171.0,0,2146.0,7
2026-01-25,SKU-1003,Beverages,200.0,0,1946.0,7
2026-01-26,SKU-1003,Beverages,247.0,0,1699.0,7
2026-01-27,SKU-1003,Beverages,252.0,0,,7
2026-01-28,SKU-1003,Beverages,331.0,0,1116.0,7
2026-01-29,SKU-1003,Beverages,215.0,0,901.0,7
2026-01-30,SKU-1003,Beverages,227.0,0,674.0,7
2026-01-31,SKU-1003,Beverages,177.0,0,497.0,7
2026-02-01,SKU-1003,Beverages,164.0,0,333.0,7
2026-02-02,SKU-1003,Beverages,188.0,0,145.0,7
2026-02-03,SKU-1003,Beverages,234.0,2204,2115.0,7
2026-02-04,SKU-1003,Beverages,224.0,0,1891.0,7
2026-02-05,SKU-1003,Beverages,148.0,0,1743.0,7
2026-02-06,SKU-1003,Beverages,326.0,0,1417.0,7
2026-02-07,SKU-1003,Beverages,183.0,0,1234.0,7
2026-02-08,SKU-1003,Beverages,202.0,0,1032.0,7
2026-02-09,SKU-1003,Beverages,,1740,2476.0,7
2026-02-10,SKU-1003,Beverages,265.0,0,2211.0,7
2026-02-11,SKU-1003,Beverages,232.0,0,1979.0,7
2026-02-12,SKU-1003,Beverages,193.0,0,1786.0,7
2026-02-13,SKU-1003,Beverages,149.0,0,1637.0,7
2026-02-14,SKU-1003,Beverages,137.0,0,1500.0,7
2026-02-15,SKU-1003,Beverages,457.0,1528,2571.0,7
2026-02-16,SKU-1003,Beverages,259.0,0,2312.0,7
2026-02-17,SKU-1003,Beverages,257.0,0,2055.0,7
2026-02-18,SKU-1003,Beverages,223.0,0,1832.0,7
2026-02-19,SKU-1003,Beverages,183.0,0,1649.0,7
2026-02-20,SKU-1003,Beverages,200.0,0,1449.0,7
2026-02-21,SKU-1003,Beverages,414.0,0,1035.0,7
2026-02-22,SKU-1003,Beverages,198.0,1880,2717.0,7
2026-02-23,SKU-1003,Beverages,73.0,0,2644.0,7
2026-02-24,SKU-1003,Beverages,220.0,0,2424.0,7
2026-02-25,SKU-1003,Beverages,162.0,0,2262.0,7
2026-02-26,SKU-1003,Beverages,259.0,0,2003.0,7
2026-02-27,SKU-1003,Beverages,168.0,0,1835.0,7
2026-02-28,SKU-1003,Beverages,147.0,0,1688.0,7
2026-03-01,SKU-1003,Beverages,213.0,0,1475.0,7
2026-03-02,SKU-1003,Beverages,214.0,0,1261.0,7
2026-03-03,SKU-1003,Beverages,233.0,0,1028.0,7
2026-03-04,SKU-1003,Beverages,266.0,0,762.0,7
2026-03-05,SKU-1003,Beverages,253.0,0,509.0,7
2026-03-06,SKU-1003,Beverages,234.0,0,275.0,7
2026-03-07,SKU-1003,Beverages,220.0,0,55.0,7
2026-03-08,SKU-1003,Beverages,149.0,0,0.0,7
2026-03-09,SKU-1003,Beverages,185.0,1859,1674.0,7
2026-03-10,SKU-1003,Beverages,220.0,0,1454.0,7
2026-03-11,SKU-1003,Beverages,242.0,2045,3257.0,7
2026-03-12,SKU-1003,Beverages,154.0,0,3103.0,7
2026-03-13,SKU-1003,Beverages,182.0,0,,7
2026-03-14,SKU-1003,Beverages,187.0,0,2734.0,7
2026-03-15,SKU-1003,Beverages,211.0,0,2523.0,7
2026-03-16,SKU-1003,Beverages,154.0,0,2369.0,7
2026-03-17,SKU-1003,Beverages,170.0,0,2199.0,7
2026-03-18,SKU-1003,BEVERAGES,283.0,0,1916.0,7
2026-03-19,SKU-1003,Beverages,222.0,0,1694.0,7
2026-03-20,SKU-1003,Beverages,154.0,0,1540.0,7
2026-03-21,SKU-1003,Beverages,155.0,1813,3198.0,7
2026-03-22,SKU-1003,Beverages,178.0,0,3020.0,7
2026-03-23,SKU-1003,Beverages,277.0,0,2743.0,7
2026-03-24,SKU-1003,Beverages,290.0,0,2453.0,7
2026-03-25,SKU-1003,Beverages,266.0,0,2187.0,7
2026-03-26,SKU-1003,Beverages,162.0,0,2025.0,7
2026-03-27,SKU-1003,Beverages,199.0,0,1826.0,7
2026-03-28,SKU-1003,Beverages,,0,1658.0,7
2026-03-29,SKU-1003,Beverages,191.0,1827,3294.0,7
2026-03-30,SKU-1003,Beverages,201.0,0,3093.0,7
2026-03-31,SKU-1003,Beverages,234.0,0,2859.0,7
2026-04-01,SKU-1003,Beverages,248.0,0,2611.0,7
2026-04-02,SKU-1003,Beverages,188.0,0,2423.0,7
2026-04-03,SKU-1003,Beverages,227.0,0,2196.0,7
2026-04-04,SKU-1003,Beverages,168.0,0,2028.0,7
2026-04-05,SKU-1003,Beverages,216.0,0,1812.0,7
2026-04-06,SKU-1003,Beverages,195.0,0,1617.0,7
2026-04-07,SKU-1003,Beverages,300.0,0,1317.0,7
2026-04-08,SKU-1003,Beverages,231.0,0,1086.0,7
2026-04-09,SKU-1003,Beverages,198.0,1640,2528.0,7
2026-04-10,SKU-1003,Beverages,83.0,0,2445.0,7
2026-04-11,SKU-1003,Beverages,85.0,0,2360.0,7
2026-04-12,SKU-1003,Beverages,,0,2164.0,7
2026-04-13,SKU-1003,Beverages,214.0,0,1950.0,7
2026-04-14,SKU-1003,Beverages,199.0,0,1751.0,7
2026-04-15,SKU-1003,Beverages,197.0,0,1554.0,7
2026-04-16,SKU-1003,Beverages,217.0,1742,3079.0,7
2026-04-17,SKU-1003,Beverages,193.0,0,2886.0,7
2026-04-18,SKU-1003,Beverages,173.0,0,2713.0,7
2026-04-19,SKU-1003,Beverages,168.0,0,2545.0,7
2026-04-20,SKU-1003,Beverages,193.0,0,2352.0,7
2026-04-21,SKU-1003,Beverages,213.0,0,2139.0,7
2026-04-22,SKU-1003,Beverages,198.0,0,1941.0,7
2026-04-23,SKU-1003,Beverages,204.0,0,1737.0,7
2026-04-24,SKU-1003,Beverages,209.0,0,1528.0,7
2026-04-25,SKU-1003,Beverages,178.0,0,1350.0,7
2026-04-26,SKU-1003,Beverages,181.0,0,1169.0,7
2026-04-27,SKU-1003,Beverages,267.0,0,902.0,7
2026-04-28,SKU-1003,Beverages,173.0,0,729.0,7
2026-04-29,SKU-1003,Beverages,230.0,0,499.0,7
2026-04-30,SKU-1003,Beverages,254.0,1583,1828.0,7
2026-05-01,SKU-1003,Beverages,173.0,0,1655.0,7
2026-05-02,SKU-1003,Beverages,359.0,2008,3304.0,7
2026-05-03,SKU-1003,Beverages,155.0,0,3149.0,7
2026-05-04,SKU-1003,Beverages,233.0,0,2916.0,7
2026-05-05,SKU-1003,Beverages,251.0,0,2665.0,7
2026-05-06,SKU-1003,Beverages,198.0,0,2467.0,7
2026-05-07,SKU-1003,Beverages,206.0,0,2261.0,7
2026-05-08,SKU-1003,Beverages,61.0,0,,7
2026-05-09,SKU-1003,Beverages,201.0,0,1999.0,7
2026-05-10,SKU-1003,Beverages,214.0,0,1785.0,7
2026-05-11,SKU-1003,Beverages,178.0,0,1607.0,7
2026-05-12,SKU-1003,BEVERAGES,205.0,0,1402.0,7
2026-05-13,SKU-1003,Beverages,122.0,0,1280.0,7
2026-05-14,SKU-1003,Beverages,208.0,0,1072.0,7
2026-05-15,SKU-1003,Beverages,223.0,0,849.0,7
2026-05-16,SKU-1003,Beverages,165.0,1986,2670.0,7
2026-05-17,SKU-1003,Beverages,135.0,0,2535.0,7
2026-05-18,SKU-1003,Beverages,222.0,0,2313.0,7
2026-05-19,SKU-1003,Beverages,175.0,0,2138.0,7
2026-05-20,SKU-1003,Beverages,276.0,0,1862.0,7
2026-05-21,SKU-1003,Beverages,189.0,0,1673.0,7
2026-05-22,SKU-1003,Beverages,181.0,0,1492.0,7
2026-05-23,SKU-1003,Beverages,167.0,0,1325.0,7
2026-05-24,SKU-1003,Beverages,50.0,0,1275.0,7
2026-05-25,SKU-1003,Beverages,258.0,0,1017.0,7
2026-05-26,SKU-1003,Beverages,221.0,1496,2292.0,7
2026-05-27,SKU-1003,Beverages,241.0,0,2051.0,7
2026-05-28,SKU-1003,Beverages,403.0,0,1648.0,7
2026-05-29,SKU-1003,Beverages,35.0,0,1613.0,7
2026-05-30,SKU-1003,Beverages,179.0,2150,3584.0,7
2026-05-31,SKU-1003,Beverages,195.0,0,3389.0,7
2026-06-01,SKU-1003,Beverages,216.0,0,3173.0,7
2026-06-02,SKU-1003,Beverages,188.0,0,2985.0,7
2026-06-03,SKU-1003,Beverages,190.0,0,2795.0,7
2026-06-04,SKU-1003,Beverages,222.0,0,2573.0,7
2026-06-05,SKU-1003,Beverages,186.0,0,2387.0,7
2026-06-06,SKU-1003,Beverages,181.0,0,2206.0,7
2026-06-07,SKU-1003,Beverages,149.0,0,2057.0,7
2026-06-08,SKU-1003,Beverages,155.0,0,1902.0,7
2026-06-09,SKU-1003,Beverages,265.0,0,1637.0,7
2026-06-10,SKU-1003,Beverages,208.0,1593,3022.0,7
2026-06-11,SKU-1003,Beverages,308.0,0,2714.0,7
2026-06-12,SKU-1003,Beverages,137.0,0,2577.0,7
2026-06-13,SKU-1003,Beverages,176.0,0,2401.0,7
2026-06-14,SKU-1003,Beverages,170.0,0,2231.0,7
2026-06-15,SKU-1003,Beverages,235.0,0,1996.0,7
2026-06-16,SKU-1003,Beverages,164.0,0,1832.0,7
2026-06-17,SKU-1003,Beverages,207.0,0,1625.0,7
2026-06-18,SKU-1003,Beverages,189.0,0,1436.0,7
2026-06-19,SKU-1003,Beverages,,0,1236.0,7
2026-06-20,SKU-1003,Beverages,128.0,1945,3053.0,7
2026-06-21,SKU-1003,Beverages,187.0,0,2866.0,7
2026-06-22,SKU-1003,Beverages,205.0,0,2661.0,7
2026-06-23,SKU-1003,Beverages,211.0,0,2450.0,7
2026-06-24,SKU-1003,Beverages,239.0,0,2211.0,7
2026-06-25,SKU-1003,Beverages,161.0,0,2050.0,7
2026-06-26,SKU-1003,Beverages,321.0,0,1729.0,7
2026-06-27,SKU-1003,Beverages,170.0,0,1559.0,7
2026-06-28,SKU-1003,Beverages,155.0,1802,3206.0,7
2026-06-29,SKU-1003,Beverages,159.0,0,3047.0,7
2026-01-01,SKU-1004,Beverages,286.0,0,1554.0,7
2026-01-02,SKU-1004,Beverages,144.0,1625,3035.0,7
2026-01-03,SKU-1004,Beverages,159.0,0,2876.0,7
2026-01-04,SKU-1004,Beverages,131.0,0,2745.0,7
2026-01-05,SKU-1004,Beverages,,0,2572.0,7
2026-01-06,SKU-1004,Beverages,240.0,0,2332.0,7
2026-01-07,SKU-1004,Beverages,272.0,0,2060.0,7
2026-01-08,SKU-1004,Beverages,196.0,0,1864.0,7
2026-01-09,SKU-1004,Beverages,165.0,0,1699.0,7
2026-01-10,SKU-1004,Beverages,128.0,0,1571.0,7
2026-01-11,SKU-1004,Beverages,131.0,0,1440.0,7
2026-01-12,SKU-1004,Beverages,192.0,0,1248.0,7
2026-01-13,SKU-1004,Beverages,237.0,0,1011.0,7
2026-01-14,SKU-1004,Beverages,221.0,0,790.0,7
2026-01-15,SKU-1004,Beverages,229.0,1522,2083.0,7
2026-01-16,SKU-1004,Beverages,160.0,0,1923.0,7
2026-01-17,SKU-1004,Beverages,171.0,0,1752.0,7
2026-01-18,SKU-1004,Beverages,193.0,0,1559.0,7
2026-01-19,SKU-1004,Beverages,339.0,1457,2677.0,7
2026-01-20,SKU-1004,Beverages,206.0,0,2471.0,7
2026-01-21,SKU-1004,Beverages,202.0,0,2269.0,7
2026-01-22,SKU-1004,Beverages,244.0,0,2025.0,7
2026-01-23,SKU-1004,Beverages,152.0,0,1873.0,7
2026-01-24,SKU-1004,Beverages,130.0,0,1743.0,7
2026-01-25,SKU-1004,Beverages,164.0,0,1579.0,7
2026-01-26,SKU-1004,Beverages,171.0,0,1408.0,7
2026-01-27,SKU-1004,Beverages,178.0,0,1230.0,7
2026-01-28,SKU-1004,Beverages,230.0,1702,2702.0,7
2026-01-29,SKU-1004,Beverages,219.0,0,2483.0,7
2026-01-30,SKU-1004,Beverages,183.0,0,2300.0,7
2026-01-31,SKU-1004,Beverages,139.0,0,2161.0,7
2026-02-01,SKU-1004,Beverages,155.0,0,2006.0,7
2026-02-02,SKU-1004,Beverages,197.0,0,1809.0,7
2026-02-03,SKU-1004,Beverages,192.0,0,1617.0,7
2026-02-04,SKU-1004,Beverages,265.0,0,1352.0,7
2026-02-05,SKU-1004,Beverages,156.0,1850,3046.0,7
2026-02-06,SKU-1004,Beverages,170.0,0,2876.0,7
2026-02-07,SKU-1004,Beverages,137.0,0,2739.0,7
2026-02-08,SKU-1004,Beverages,181.0,0,2558.0,7
2026-02-09,SKU-1004,Beverages,184.0,0,2374.0,7
2026-02-10,SKU-1004,Beverages,192.0,0,2182.0,7
2026-02-11,SKU-1004,Beverages,223.0,0,1959.0,7
2026-02-12,SKU-1004,Beverages,205.0,0,1754.0,7
2026-02-13,SKU-1004,Beverages,168.0,0,1586.0,7
2026-02-14,SKU-1004,Beverages,130.0,0,1456.0,7
2026-02-15,SKU-1004,Beverages,150.0,1438,2744.0,7
2026-02-16,SKU-1004,Beverages,158.0,0,2586.0,7
2026-02-17,SKU-1004,Beverages,205.0,0,2381.0,7
2026-02-18,SKU-1004,Beverages,189.0,0,2192.0,7
2026-02-19,SKU-1004,Beverages,213.0,0,1979.0,7
2026-02-20,SKU-1004,Beverages,166.0,0,1813.0,7
2026-02-21,SKU-1004,Beverages,140.0,0,1673.0,7
2026-02-22,SKU-1004,Beverages,156.0,0,1517.0,7
2026-02-23,SKU-1004,Beverages,69.0,0,1448.0,7
2026-02-24,SKU-1004,Beverages,216.0,1717,2949.0,7
2026-02-25,SKU-1004,Beverages,199.0,0,2750.0,7
2026-02-26,SKU-1004,Beverages,202.0,0,2548.0,7
2026-02-27,SKU-1004,Beverages,150.0,0,2398.0,7
2026-02-28,SKU-1004,Beverages,128.0,0,2270.0,7
2026-03-01,SKU-1004,Beverages,154.0,0,2116.0,7
2026-03-02,SKU-1004,Beverages,214.0,0,1902.0,7
2026-03-03,SKU-1004,Beverages,,0,1704.0,7
2026-03-04,SKU-1004,Beverages,199.0,0,1505.0,7
2026-03-05,SKU-1004,Beverages,228.0,0,1277.0,7
2026-03-06,SKU-1004,Beverages,198.0,1843,2922.0,7
2026-03-07,SKU-1004,Beverages,124.0,0,2798.0,7
2026-03-08,SKU-1004,Beverages,149.0,0,2649.0,7
2026-03-09,SKU-1004,Beverages,169.0,0,2480.0,7
2026-03-10,SKU-1004,Beverages,227.0,0,2253.0,7
2026-03-11,SKU-1004,Beverages,198.0,0,2055.0,7
2026-03-12,SKU-1004,Beverages,232.0,0,1823.0,7
2026-03-13,SKU-1004,Beverages,160.0,0,1663.0,7
2026-03-14,SKU-1004,Beverages,142.0,0,1521.0,7
2026-03-15,SKU-1004,Beverages,150.0,0,1371.0,7
2026-03-16,SKU-1004,Beverages,160.0,1936,3147.0,7
2026-03-17,SKU-1004,Beverages,224.0,0,2923.0,7
2026-03-18,SKU-1004,Beverages,212.0,0,2711.0,7
2026-03-19,SKU-1004,Beverages,210.0,0,2501.0,7
2026-03-20,SKU-1004,Beverages,134.0,0,2367.0,7
2026-03-21,SKU-1004,Beverages,121.0,0,2246.0,7
2026-03-22,SKU-1004,Beverages,138.0,0,2108.0,7
2026-03-23,SKU-1004,Beverages,202.0,0,1906.0,7
2026-03-24,SKU-1004,Beverages,200.0,0,1706.0,7
2026-03-25,SKU-1004,Beverages,250.0,0,1456.0,7
2026-03-26,SKU-1004,Beverages,214.0,0,1242.0,7
2026-03-27,SKU-1004,Beverages,154.0,0,1088.0,7
2026-03-28,SKU-1004,Beverages,136.0,1722,2674.0,7
2026-03-29,SKU-1004,Beverages,103.0,0,2571.0,7
2026-03-30,SKU-1004,Beverages,370.0,0,2201.0,7
2026-03-31,SKU-1004,Beverages,185.0,0,2016.0,7
2026-04-01,SKU-1004,Beverages,234.0,0,1782.0,7
2026-04-02,SKU-1004,Beverages,101.0,0,1681.0,7
2026-04-03,SKU-1004,Beverages,189.0,1910,3402.0,7
2026-04-04,SKU-1004,Beverages,107.0,0,3295.0,7
2026-04-05,SKU-1004,Beverages,152.0,0,3143.0,7
2026-04-06,SKU-1004,Beverages,186.0,0,2957.0,7
2026-04-07,SKU-1004,Beverages,220.0,0,2737.0,7
2026-04-08,SKU-1004,Beverages,207.0,0,2530.0,7
2026-04-09,SKU-1004,Beverages,197.0,0,2333.0,7
2026-04-10,SKU-1004,Beverages,,0,2287.0,7
2026-04-11,SKU-1004,Beverages,101.0,0,2186.0,7
2026-04-12,SKU-1004,Beverages,126.0,0,2060.0,7
2026-04-13,SKU-1004,Beverages,185.0,0,1875.0,7
2026-04-14,SKU-1004,Beverages,213.0,0,1662.0,7
2026-04-15,SKU-1004,Beverages,190.0,1752,3224.0,7
2026-04-16,SKU-1004,Beverages,154.0,0,3070.0,7
2026-04-17,SKU-1004,Beverages,144.0,0,2926.0,7
2026-04-18,SKU-1004,Beverages,119.0,0,2807.0,7
2026-04-19,SKU-1004,Beverages,148.0,0,2659.0,7
2026-04-20,SKU-1004,Beverages,201.0,0,2458.0,7
2026-04-21,SKU-1004,Beverages,185.0,0,2273.0,7
2026-04-22,SKU-1004,Beverages,,0,2024.0,7
2026-04-23,SKU-1004,Beverages,182.0,0,1842.0,7
2026-04-24,SKU-1004,Beverages,155.0,0,1687.0,7
2026-04-25,SKU-1004,BEVERAGES,138.0,0,1549.0,7
2026-04-26,SKU-1004,Beverages,140.0,0,1409.0,7
2026-04-27,SKU-1004,Beverages,181.0,0,1228.0,7
2026-04-28,SKU-1004,Beverages,231.0,0,997.0,7
2026-04-29,SKU-1004,Beverages,217.0,0,780.0,7
2026-04-30,SKU-1004,Beverages,199.0,1519,2100.0,7
2026-05-01,SKU-1004,Beverages,170.0,0,1930.0,7
2026-05-02,SKU-1004,Beverages,56.0,0,1874.0,7
2026-05-03,SKU-1004,Beverages,126.0,0,1748.0,7
2026-05-04,SKU-1004,Beverages,158.0,0,1590.0,7
2026-05-05,SKU-1004,Beverages,204.0,0,1386.0,7
2026-05-06,SKU-1004,Beverages,234.0,0,1152.0,7
2026-05-07,SKU-1004,Beverages,185.0,0,967.0,7
2026-05-08,SKU-1004,Beverages,143.0,0,824.0,7
2026-05-09,SKU-1004,Beverages,129.0,0,695.0,7
2026-05-10,SKU-1004,Beverages,133.0,0,562.0,7
2026-05-11,SKU-1004,Beverages,171.0,0,391.0,7
2026-05-12,SKU-1004,Beverages,187.0,0,204.0,7
2026-05-13,SKU-1004,Beverages,189.0,0,15.0,7
2026-05-14,SKU-1004,Beverages,215.0,0,0.0,7
2026-05-15,SKU-1004,Beverages,175.0,0,0.0,7
2026-05-16,SKU-1004,Beverages,125.0,0,0.0,7
2026-05-17,SKU-1004,Beverages,158.0,0,0.0,7
2026-05-18,SKU-1004,Beverages,136.0,0,0.0,7
2026-05-19,SKU-1004,Beverages,242.0,0,0.0,7
2026-05-20,SKU-1004,Beverages,236.0,0,0.0,7
2026-05-21,SKU-1004,Beverages,227.0,0,0.0,7
2026-05-22,SKU-1004,Beverages,159.0,1765,1606.0,7
2026-05-23,SKU-1004,Beverages,138.0,0,1468.0,7
2026-05-24,SKU-1004,Beverages,144.0,1474,2798.0,7
2026-05-25,SKU-1004,Beverages,137.0,0,2661.0,7
2026-05-26,SKU-1004,Beverages,191.0,0,2470.0,7
2026-05-27,SKU-1004,Beverages,212.0,0,2258.0,7
2026-05-28,SKU-1004,Beverages,192.0,0,2066.0,7
2026-05-29,SKU-1004,Beverages,180.0,0,1886.0,7
2026-05-30,SKU-1004,Beverages,119.0,0,1767.0,7
2026-05-31,SKU-1004,Beverages,285.0,0,1482.0,7
2026-06-01,SKU-1004,Beverages,184.0,0,1298.0,7
2026-06-02,SKU-1004,Beverages,191.0,1341,2448.0,7
2026-06-03,SKU-1004,Beverages,202.0,0,2246.0,7
2026-06-04,SKU-1004,Beverages,80.0,0,2166.0,7
2026-06-05,SKU-1004,Beverages,142.0,0,2024.0,7
2026-06-06,SKU-1004,Beverages,119.0,0,1905.0,7
2026-06-07,SKU-1004,Beverages,133.0,0,1772.0,7
2026-06-08,SKU-1004,Beverages,193.0,0,1579.0,7
2026-06-09,SKU-1004,Beverages,233.0,0,1346.0,7
2026-06-10,SKU-1004,Beverages,147.0,0,1199.0,7
2026-06-11,SKU-1004,Beverages,154.0,0,1045.0,7
2026-06-12,SKU-1004,Beverages,141.0,0,904.0,7
2026-06-13,SKU-1004,Beverages,141.0,0,763.0,7
2026-06-14,SKU-1004,Beverages,157.0,1358,1964.0,7
2026-06-15,SKU-1004,Beverages,170.0,0,1794.0,7
2026-06-16,SKU-1004,Beverages,189.0,0,1605.0,7
2026-06-17,SKU-1004,Beverages,173.0,0,1432.0,7
2026-06-18,SKU-1004,Beverages,183.0,1822,3071.0,7
2026-06-19,SKU-1004,Beverages,162.0,0,2909.0,7
2026-06-20,SKU-1004,Beverages,121.0,0,2788.0,7
2026-06-21,SKU-1004,Beverages,136.0,0,2652.0,7
2026-06-22,SKU-1004,Beverages,177.0,0,2475.0,7
2026-06-23,SKU-1004,Beverages,225.0,0,2250.0,7
2026-06-24,SKU-1004,Beverages,204.0,0,2046.0,7
2026-06-25,SKU-1004,Beverages,182.0,0,1864.0,7
2026-06-26,SKU-1004,Beverages,171.0,0,1693.0,7
2026-06-27,SKU-1004,Beverages,144.0,0,1549.0,7
2026-06-28,SKU-1004,Beverages,155.0,0,1394.0,7
2026-06-29,SKU-1004,Beverages,144.0,1645,2895.0,7
2026-01-01,SKU-1005,Pasta,83.0,1105,1803.0,10
2026-01-02,SKU-1005,Pasta,91.0,0,,10
2026-01-03,SKU-1005,Pasta,105.0,0,1607.0,10
2026-01-04,SKU-1005,Pasta,81.0,0,1526.0,10
2026-01-05,SKU-1005,Pasta,108.0,0,1418.0,10
2026-01-06,SKU-1005,Pasta,100.0,0,1318.0,10
2026-01-07,SKU-1005,Pasta,121.0,0,1197.0,10
2026-01-08,SKU-1005,Pasta,104.0,0,1093.0,10
2026-01-09,SKU-1005,Pasta,94.0,0,999.0,10
2026-01-10,SKU-1005,Pasta,74.0,0,925.0,10
2026-01-11,SKU-1005,Pasta,110.0,0,815.0,10
2026-01-12,SKU-1005,Pasta,95.0,0,720.0,10
2026-01-13,SKU-1005,Pasta,100.0,0,620.0,10
2026-01-14,SKU-1005,Pasta,115.0,0,505.0,10
2026-01-15,SKU-1005,Pasta,112.0,0,393.0,10
2026-01-16,SKU-1005,Pasta,91.0,1460,1762.0,10
2026-01-17,SKU-1005,Pasta,94.0,0,1668.0,10
2026-01-18,SKU-1005,Pasta,80.0,0,1588.0,10
2026-01-19,SKU-1005,Pasta,76.0,0,1512.0,10
2026-01-20,SKU-1005,Pasta,113.0,0,1399.0,10
2026-01-21,SKU-1005,Pasta,94.0,0,1305.0,10
2026-01-22,SKU-1005,Pasta,93.0,0,1212.0,10
2026-01-23,SKU-1005,Pasta,96.0,0,1116.0,10
2026-01-24,SKU-1005,Pasta,96.0,0,1020.0,10
2026-01-25,SKU-1005,Pasta,97.0,1098,2021.0,10
2026-01-26,SKU-1005,Pasta,103.0,0,1918.0,10
2026-01-27,SKU-1005,Pasta,107.0,0,,10
2026-01-28,SKU-1005,Pasta,109.0,0,1702.0,10
2026-01-29,SKU-1005,Pasta,93.0,0,1609.0,10
2026-01-30,SKU-1005,Pasta,92.0,0,1517.0,10
2026-01-31,SKU-1005,Pasta,85.0,0,1432.0,10
2026-02-01,SKU-1005,Pasta,85.0,0,1347.0,10
2026-02-02,SKU-1005,Pasta,97.0,0,1250.0,10
2026-02-03,SKU-1005,Pasta,89.0,0,1161.0,10
2026-02-04,SKU-1005,Pasta,100.0,0,1061.0,10
2026-02-05,SKU-1005,Pasta,105.0,0,956.0,10
2026-02-06,SKU-1005,Pasta,100.0,0,856.0,10
2026-02-07,SKU-1005,Pasta,130.0,1002,1728.0,10
2026-02-08,SKU-1005,Pasta,77.0,0,1651.0,10
2026-02-09,SKU-1005,Pasta,94.0,0,1557.0,10
2026-02-10,SKU-1005,PASTA,94.0,0,1463.0,10
2026-02-11,SKU-1005,Pasta,98.0,0,1365.0,10
2026-02-12,SKU-1005,Pasta,104.0,0,1261.0,10
2026-02-13,SKU-1005,Pasta,90.0,0,1171.0,10
2026-02-14,SKU-1005,Pasta,92.0,0,1079.0,10
2026-02-15,SKU-1005,Pasta,105.0,0,974.0,10
2026-02-16,SKU-1005,Pasta,96.0,0,878.0,10
2026-02-17,SKU-1005,Pasta,105.0,0,773.0,10
2026-02-18,SKU-1005,Pasta,94.0,1344,2023.0,10
2026-02-19,SKU-1005,Pasta,111.0,0,,10
2026-02-20,SKU-1005,Pasta,88.0,0,1824.0,10
2026-02-21,SKU-1005,Pasta,88.0,0,1736.0,10
2026-02-22,SKU-1005,Pasta,98.0,0,1638.0,10
2026-02-23,SKU-1005,Pasta,95.0,0,1543.0,10
2026-02-24,SKU-1005,Pasta,104.0,0,1439.0,10
2026-02-25,SKU-1005,Pasta,70.0,0,1369.0,10
2026-02-26,SKU-1005,Pasta,105.0,0,1264.0,10
2026-02-27,SKU-1005,Pasta,110.0,1095,2249.0,10
2026-02-28,SKU-1005,Pasta,81.0,0,2168.0,10
2026-03-01,SKU-1005,Pasta,109.0,0,2059.0,10
2026-03-02,SKU-1005,Pasta,109.0,0,1950.0,10
2026-03-03,SKU-1005,Pasta,90.0,0,1860.0,10
2026-03-04,SKU-1005,Pasta,118.0,0,1742.0,10
2026-03-05,SKU-1005,Pasta,97.0,0,1645.0,10
2026-03-06,SKU-1005,Pasta,74.0,0,1571.0,10
2026-03-07,SKU-1005,Pasta,90.0,0,1481.0,10
2026-03-08,SKU-1005,Pasta,101.0,0,1380.0,10
2026-03-09,SKU-1005,Pasta,98.0,0,1282.0,10
2026-03-10,SKU-1005,Pasta,105.0,0,1177.0,10
2026-03-11,SKU-1005,Pasta,118.0,1399,2458.0,10
2026-03-12,SKU-1005,Pasta,98.0,0,2360.0,10
2026-03-13,SKU-1005,Pasta,95.0,0,2265.0,10
2026-03-14,SKU-1005,Pasta,105.0,0,2160.0,10
2026-03-15,SKU-1005,Pasta,97.0,0,2063.0,10
2026-03-16,SKU-1005,Pasta,99.0,0,1964.0,10
2026-03-17,SKU-1005,Pasta,88.0,0,1876.0,10
2026-03-18,SKU-1005,Pasta,82.0,0,1794.0,10
2026-03-19,SKU-1005,Pasta,90.0,0,1704.0,10
2026-03-20,SKU-1005,Pasta,,0,1605.0,10
2026-03-21,SKU-1005,Pasta,77.0,0,1528.0,10
2026-03-22,SKU-1005,Pasta,90.0,0,1438.0,10
2026-03-23,SKU-1005,Pasta,111.0,0,1327.0,10
2026-03-24,SKU-1005,Pasta,85.0,0,1242.0,10
2026-03-25,SKU-1005,Pasta,71.0,0,1171.0,10
2026-03-26,SKU-1005,Pasta,91.0,1452,2532.0,10
2026-03-27,SKU-1005,Pasta,71.0,0,2461.0,10
2026-03-28,SKU-1005,Pasta,90.0,0,2371.0,10
2026-03-29,SKU-1005,Pasta,86.0,0,2285.0,10
2026-03-30,SKU-1005,Pasta,115.0,0,2170.0,10
2026-03-31,SKU-1005,Pasta,107.0,0,2063.0,10
2026-04-01,SKU-1005,Pasta,105.0,0,1958.0,10
2026-04-02,SKU-1005,Pasta,105.0,0,1853.0,10
2026-04-03,SKU-1005,Pasta,98.0,0,1755.0,10
2026-04-04,SKU-1005,Pasta,94.0,0,1661.0,10
2026-04-05,SKU-1005,Pasta,80.0,0,1581.0,10
2026-04-06,SKU-1005,Pasta,78.0,0,1503.0,10
2026-04-07,SKU-1005,Pasta,97.0,0,1406.0,10
2026-04-08,SKU-1005,Pasta,99.0,0,1307.0,10
2026-04-09,SKU-1005,Pasta,101.0,0,1206.0,10
2026-04-10,SKU-1005,Pasta,104.0,1428,2530.0,10
2026-04-11,SKU-1005,Pasta,103.0,0,2427.0,10
2026-04-12,SKU-1005,Pasta,105.0,0,2322.0,10
2026-04-13,SKU-1005,Pasta,113.0,0,2209.0,10
2026-04-14,SKU-1005,Pasta,96.0,0,2113.0,10
2026-04-15,SKU-1005,Pasta,100.0,0,2013.0,10
2026-04-16,SKU-1005,Pasta,112.0,0,1901.0,10
2026-04-17,SKU-1005,Pasta,117.0,0,1784.0,10
2026-04-18,SKU-1005,Pasta,63.0,0,1721.0,10
2026-04-19,SKU-1005,Pasta,106.0,0,1615.0,10
2026-04-20,SKU-1005,Pasta,89.0,0,1526.0,10
2026-04-21,SKU-1005,Pasta,116.0,0,1410.0,10
2026-04-22,SKU-1005,Pasta,97.0,0,1313.0,10
2026-04-23,SKU-1005,Pasta,113.0,0,1200.0,10
2026-04-24,SKU-1005,Pasta,104.0,1142,2238.0,10
2026-04-25,SKU-1005,Pasta,67.0,0,2171.0,10
2026-04-26,SKU-1005,Pasta,103.0,0,2068.0,10
2026-04-27,SKU-1005,Pasta,188.0,0,1880.0,10
2026-04-28,SKU-1005,Pasta,99.0,0,1781.0,10
2026-04-29,SKU-1005,Pasta,108.0,0,1673.0,10
2026-04-30,SKU-1005,Pasta,95.0,0,1578.0,10
2026-05-01,SKU-1005,Pasta,73.0,0,1505.0,10
2026-05-02,SKU-1005,Pasta,233.0,0,1272.0,10
2026-05-03,SKU-1005,Pasta,91.0,0,1181.0,10
2026-05-04,SKU-1005,Pasta,90.0,1437,2528.0,10
2026-05-05,SKU-1005,Pasta,110.0,0,2418.0,10
2026-05-06,SKU-1005,Pasta,78.0,0,2340.0,10
2026-05-07,SKU-1005,Pasta,91.0,0,2249.0,10
2026-05-08,SKU-1005,Pasta,85.0,0,2164.0,10
2026-05-09,SKU-1005,Pasta,97.0,0,2067.0,10
2026-05-10,SKU-1005,Pasta,87.0,0,1980.0,10
2026-05-11,SKU-1005,Pasta,65.0,0,1915.0,10
2026-05-12,SKU-1005,Pasta,97.0,0,1818.0,10
2026-05-13,SKU-1005,Pasta,,0,1701.0,10
2026-05-14,SKU-1005,Pasta,102.0,0,1599.0,10
2026-05-15,SKU-1005,Pasta,81.0,0,1518.0,10
2026-05-16,SKU-1005,Pasta,72.0,0,1446.0,10
2026-05-17,SKU-1005,Pasta,81.0,0,1365.0,10
2026-05-18,SKU-1005,Pasta,102.0,0,1263.0,10
2026-05-19,SKU-1005,Pasta,90.0,0,1173.0,10
2026-05-20,SKU-1005,Pasta,93.0,0,1080.0,10
2026-05-21,SKU-1005,Pasta,86.0,0,994.0,10
2026-05-22,SKU-1005,Pasta,89.0,0,905.0,10
2026-05-23,SKU-1005,Pasta,97.0,0,808.0,10
2026-05-24,SKU-1005,Pasta,108.0,0,700.0,10
2026-05-25,SKU-1005,Pasta,,0,597.0,10
2026-05-26,SKU-1005,Pasta,80.0,0,517.0,10
2026-05-27,SKU-1005,Pasta,91.0,0,426.0,10
2026-05-28,SKU-1005,Pasta,91.0,0,335.0,10
2026-05-29,SKU-1005,Pasta,101.0,0,234.0,10
2026-05-30,SKU-1005,Pasta,93.0,0,141.0,10
2026-05-31,SKU-1005,Pasta,74.0,0,67.0,10
2026-06-01,SKU-1005,Pasta,90.0,0,0.0,10
2026-06-02,SKU-1005,Pasta,103.0,0,0.0,10
2026-06-03,SKU-1005,Pasta,91.0,0,0.0,10
2026-06-04,SKU-1005,Pasta,147.0,1302,1155.0,10
2026-06-05,SKU-1005,Pasta,72.0,1136,2219.0,10
2026-06-06,SKU-1005,Pasta,90.0,0,2129.0,10
2026-06-07,SKU-1005,Pasta,90.0,0,2039.0,10
2026-06-08,SKU-1005,Pasta,87.0,0,1952.0,10
2026-06-09,SKU-1005,Pasta,100.0,0,1852.0,10
2026-06-10,SKU-1005,Pasta,89.0,0,1763.0,10
2026-06-11,SKU-1005,Pasta,95.0,0,1668.0,10
2026-06-12,SKU-1005,Pasta,93.0,0,1575.0,10
2026-06-13,SKU-1005,Pasta,90.0,0,1485.0,10
2026-06-14,SKU-1005,Pasta,96.0,0,1389.0,10
2026-06-15,SKU-1005,Pasta,184.0,0,1205.0,10
2026-06-16,SKU-1005,Pasta,107.0,1401,2499.0,10
2026-06-17,SKU-1005,Pasta,122.0,0,2377.0,10
2026-06-18,SKU-1005,Pasta,95.0,0,2282.0,10
2026-06-19,SKU-1005,Pasta,34.0,0,2248.0,10
2026-06-20,SKU-1005,Pasta,155.0,0,2093.0,10
2026-06-21,SKU-1005,Pasta,82.0,0,2011.0,10
2026-06-22,SKU-1005,Pasta,86.0,0,1925.0,10
2026-06-23,SKU-1005,Pasta,100.0,0,1825.0,10
2026-06-24,SKU-1005,Pasta,97.0,0,1728.0,10
2026-06-25,SKU-1005,Pasta,95.0,0,1633.0,10
2026-06-26,SKU-1005,Pasta,106.0,0,1527.0,10
2026-06-27,SKU-1005,Pasta,64.0,0,1463.0,10
2026-06-28,SKU-1005,Pasta,77.0,0,1386.0,10
2026-06-29,SKU-1005,Pasta,83.0,0,1303.0,10
2026-01-01,SKU-1006,Sugar,579.0,0,4148.0,10
2026-01-02,SKU-1006,Sugar,473.0,5912,9587.0,10
2026-01-03,SKU-1006,Sugar,469.0,0,9118.0,10
2026-01-04,SKU-1006,Sugar,436.0,0,8682.0,10
2026-01-05,SKU-1006,Sugar,722.0,0,7960.0,10
2026-01-06,SKU-1006,Sugar,489.0,0,7471.0,10
2026-01-07,SKU-1006,Sugar,708.0,0,6763.0,10
2026-01-08,SKU-1006,Sugar,756.0,0,6007.0,10
2026-01-09,SKU-1006,Sugar,610.0,0,5397.0,10
2026-01-10,SKU-1006,Sugar,389.0,0,5008.0,10
2026-01-11,SKU-1006,Sugar,534.0,0,4474.0,10
2026-01-12,SKU-1006,Sugar,537.0,0,3937.0,10
2026-01-13,SKU-1006,Sugar,634.0,6694,9997.0,10
2026-01-14,SKU-1006,Sugar,550.0,0,9447.0,10
2026-01-15,SKU-1006,Sugar,427.0,0,9020.0,10
2026-01-16,SKU-1006,Sugar,581.0,0,8439.0,10
2026-01-17,SKU-1006,Sugar,351.0,0,8088.0,10
2026-01-18,SKU-1006,Sugar,382.0,0,7706.0,10
2026-01-19,SKU-1006,Sugar,491.0,0,7215.0,10
2026-01-20,SKU-1006,Sugar,328.0,0,6887.0,10
2026-01-21,SKU-1006,Sugar,448.0,0,6439.0,10
2026-01-22,SKU-1006,Sugar,353.0,0,6086.0,10
2026-01-23,SKU-1006,Sugar,381.0,0,5705.0,10
2026-01-24,SKU-1006,Sugar,537.0,0,5168.0,10
2026-01-25,SKU-1006,Sugar,,0,4728.0,10
2026-01-26,SKU-1006,Sugar,495.0,0,4233.0,10
2026-01-27,SKU-1006,Sugar,528.0,4981,8686.0,10
2026-01-28,SKU-1006,Sugar,469.0,0,8217.0,10
2026-01-29,SKU-1006,Sugar,546.0,0,7671.0,10
2026-01-30,SKU-1006,Sugar,529.0,0,7142.0,10
2026-01-31,SKU-1006,Sugar,,0,6687.0,10
2026-02-01,SKU-1006,Sugar,419.0,0,6268.0,10
2026-02-02,SKU-1006,Sugar,668.0,0,5600.0,10
2026-02-03,SKU-1006,Sugar,408.0,0,5192.0,10
2026-02-04,SKU-1006,Sugar,830.0,7116,11478.0,10
2026-02-05,SKU-1006,Sugar,484.0,0,10994.0,10
2026-02-06,SKU-1006,Sugar,479.0,0,10515.0,10
2026-02-07,SKU-1006,Sugar,199.0,0,10316.0,10
2026-02-08,SKU-1006,Sugar,355.0,0,9961.0,10
2026-02-09,SKU-1006,Sugar,445.0,0,9516.0,10
2026-02-10,SKU-1006,Sugar,649.0,0,8867.0,10
2026-02-11,SKU-1006,Sugar,599.0,0,8268.0,10
2026-02-12,SKU-1006,Sugar,568.0,0,7700.0,10
2026-02-13,SKU-1006,Sugar,477.0,0,7223.0,10
2026-02-14,SKU-1006,Sugar,423.0,0,6800.0,10
2026-02-15,SKU-1006,Sugar,495.0,0,6305.0,10
2026-02-16,SKU-1006,Sugar,695.0,0,5610.0,10
2026-02-17,SKU-1006,Sugar,654.0,0,4956.0,10
2026-02-18,SKU-1006,Sugar,592.0,6452,10816.0,10
2026-02-19,SKU-1006,Sugar,462.0,0,10354.0,10
2026-02-20,SKU-1006,Sugar,408.0,0,9946.0,10
2026-02-21,SKU-1006,Sugar,359.0,0,9587.0,10
2026-02-22,SKU-1006,Sugar,177.0,0,9410.0,10
2026-02-23,SKU-1006,Sugar,675.0,0,8735.0,10
2026-02-24,SKU-1006,Sugar,741.0,0,7994.0,10
2026-02-25,SKU-1006,Sugar,788.0,0,7206.0,10
2026-02-26,SKU-1006,Sugar,542.0,0,6664.0,10
2026-02-27,SKU-1006,Sugar,327.0,0,6337.0,10
2026-02-28,SKU-1006,Sugar,355.0,0,5982.0,10
2026-03-01,SKU-1006,Sugar,391.0,0,5591.0,10
2026-03-02,SKU-1006,Sugar,416.0,0,5175.0,10
2026-03-03,SKU-1006,Sugar,419.0,0,4756.0,10
2026-03-04,SKU-1006,Sugar,1059.0,0,3697.0,10
2026-03-05,SKU-1006,Sugar,535.0,5651,8813.0,10
2026-03-06,SKU-1006,Sugar,451.0,0,8362.0,10
2026-03-07,SKU-1006,Sugar,428.0,0,7934.0,10
2026-03-08,SKU-1006,Sugar,457.0,0,7477.0,10
2026-03-09,SKU-1006,Sugar,580.0,0,6897.0,10
2026-03-10,SKU-1006,Sugar,461.0,0,6436.0,10
2026-03-11,SKU-1006,Sugar,430.0,0,6006.0,10
2026-03-12,SKU-1006,Sugar,474.0,0,5532.0,10
2026-03-13,SKU-1006,Sugar,492.0,0,5040.0,10
2026-03-14,SKU-1006,Sugar,482.0,0,4558.0,10
2026-03-15,SKU-1006,Sugar,339.0,6514,10733.0,10
2026-03-16,SKU-1006,Sugar,459.0,0,10274.0,10
2026-03-17,SKU-1006,Sugar,442.0,0,9832.0,10
2026-03-18,SKU-1006,Sugar,620.0,0,9212.0,10
2026-03-19,SKU-1006,Sugar,440.0,0,8772.0,10
2026-03-20,SKU-1006,Sugar,558.0,0,8214.0,10
2026-03-21,SKU-1006,Sugar,301.0,0,7913.0,10
2026-03-22,SKU-1006,Sugar,315.0,0,7598.0,10
2026-03-23,SKU-1006,Sugar,507.0,0,7091.0,10
2026-03-24,SKU-1006,Sugar,687.0,0,6404.0,10
2026-03-25,SKU-1006,Sugar,506.0,0,5898.0,10
2026-03-26,SKU-1006,Sugar,591.0,0,5307.0,10
2026-03-27,SKU-1006,Sugar,512.0,0,4795.0,10
2026-03-28,SKU-1006,Sugar,145.0,6617,11267.0,10
2026-03-29,SKU-1006,Sugar,606.0,0,10661.0,10
2026-03-30,SKU-1006,Sugar,399.0,0,10262.0,10
2026-03-31,SKU-1006,Sugar,551.0,0,9711.0,10
2026-04-01,SKU-1006,Sugar,571.0,0,9140.0,10
2026-04-02,SKU-1006,Sugar,529.0,0,8611.0,10
2026-04-03,SKU-1006,Sugar,548.0,0,8063.0,10
2026-04-04,SKU-1006,Sugar,419.0,0,7644.0,10
2026-04-05,SKU-1006,Sugar,363.0,0,7281.0,10
2026-04-06,SKU-1006,Sugar,409.0,0,6872.0,10
2026-04-07,SKU-1006,Sugar,389.0,0,6483.0,10
2026-04-08,SKU-1006,Sugar,783.0,0,5700.0,10
2026-04-09,SKU-1006,Sugar,373.0,0,5327.0,10
2026-04-10,SKU-1006,Sugar,177.0,0,5150.0,10
2026-04-11,SKU-1006,Sugar,381.0,0,4769.0,10
2026-04-12,SKU-1006,Sugar,487.0,0,4282.0,10
2026-04-13,SKU-1006,Sugar,543.0,0,3739.0,10
2026-04-14,SKU-1006,Sugar,518.0,6919,,10
2026-04-15,SKU-1006,Sugar,804.0,0,9336.0,10
2026-04-16,SKU-1006,Sugar,524.0,0,8812.0,10
2026-04-17,SKU-1006,Sugar,326.0,0,8486.0,10
2026-04-18,SKU-1006,Sugar,358.0,0,8128.0,10
2026-04-19,SKU-1006,Sugar,462.0,0,7666.0,10
2026-04-20,SKU-1006,Sugar,551.0,0,7115.0,10
2026-04-21,SKU-1006,Sugar,686.0,0,6429.0,10
2026-04-22,SKU-1006,Sugar,675.0,0,5754.0,10
2026-04-23,SKU-1006,Sugar,716.0,0,5038.0,10
2026-04-24,SKU-1006,Sugar,360.0,6735,11413.0,10
2026-04-25,SKU-1006,Sugar,371.0,0,11042.0,10
2026-04-26,SKU-1006,Sugar,466.0,0,10576.0,10
2026-04-27,SKU-1006,Sugar,471.0,0,10105.0,10
2026-04-28,SKU-1006,Sugar,606.0,0,9499.0,10
2026-04-29,SKU-1006,Sugar,485.0,0,9014.0,10
2026-04-30,SKU-1006,Sugar,411.0,0,8603.0,10
2026-05-01,SKU-1006,Sugar,,0,8127.0,10
2026-05-02,SKU-1006,Sugar,431.0,0,7696.0,10
2026-05-03,SKU-1006,Sugar,408.0,0,7288.0,10
2026-05-04,SKU-1006,Sugar,287.0,0,7001.0,10
2026-05-05,SKU-1006,Sugar,597.0,0,6404.0,10
2026-05-06,SKU-1006,Sugar,610.0,0,5794.0,10
2026-05-07,SKU-1006,Sugar,598.0,0,5196.0,10
2026-05-08,SKU-1006,Sugar,491.0,0,4705.0,10
2026-05-09,SKU-1006,Sugar,453.0,4969,9221.0,10
2026-05-10,SKU-1006,Sugar,498.0,0,8723.0,10
2026-05-11,SKU-1006,SUGAR,449.0,0,8274.0,10
2026-05-12,SKU-1006,Sugar,670.0,0,7604.0,10
2026-05-13,SKU-1006,Sugar,585.0,0,7019.0,10
2026-05-14,SKU-1006,Sugar,706.0,0,6313.0,10
2026-05-15,SKU-1006,Sugar,390.0,0,5923.0,10
2026-05-16,SKU-1006,Sugar,413.0,0,5510.0,10
2026-05-17,SKU-1006,Sugar,436.0,0,5074.0,10
2026-05-18,SKU-1006,Sugar,539.0,0,4535.0,10
2026-05-19,SKU-1006,Sugar,407.0,6716,10844.0,10
2026-05-20,SKU-1006,Sugar,663.0,0,10181.0,10
2026-05-21,SKU-1006,Sugar,526.0,0,9655.0,10
2026-05-22,SKU-1006,Sugar,418.0,0,9237.0,10
2026-05-23,SKU-1006,Sugar,184.0,0,9053.0,10
2026-05-24,SKU-1006,Sugar,482.0,0,8571.0,10
2026-05-25,SKU-1006,Sugar,502.0,0,,10
2026-05-26,SKU-1006,Sugar,496.0,0,7573.0,10
2026-05-27,SKU-1006,Sugar,632.0,0,6941.0,10
2026-05-28,SKU-1006,Sugar,474.0,0,6467.0,10
2026-05-29,SKU-1006,Sugar,448.0,0,6019.0,10
2026-05-30,SKU-1006,Sugar,513.0,0,5506.0,10
2026-05-31,SKU-1006,Sugar,389.0,0,5117.0,10
2026-06-01,SKU-1006,Sugar,256.0,0,4861.0,10
2026-06-02,SKU-1006,Sugar,479.0,0,4382.0,10
2026-06-03,SKU-1006,Sugar,633.0,6079,9828.0,10
2026-06-04,SKU-1006,Sugar,398.0,0,9430.0,10
2026-06-05,SKU-1006,Sugar,313.0,0,9117.0,10
2026-06-06,SKU-1006,Sugar,381.0,0,8736.0,10
2026-06-07,SKU-1006,Sugar,371.0,0,8365.0,10
2026-06-08,SKU-1006,Sugar,254.0,0,8111.0,10
2026-06-09,SKU-1006,Sugar,559.0,0,7552.0,10
2026-06-10,SKU-1006,Sugar,610.0,0,6942.0,10
2026-06-11,SKU-1006,Sugar,522.0,0,6420.0,10
2026-06-12,SKU-1006,Sugar,679.0,0,5741.0,10
2026-06-13,SKU-1006,Sugar,487.0,0,5254.0,10
2026-06-14,SKU-1006,Sugar,323.0,6184,11115.0,10
2026-06-15,SKU-1006,Sugar,408.0,0,10707.0,10
2026-06-16,SKU-1006,Sugar,655.0,0,10052.0,10
2026-06-17,SKU-1006,Sugar,541.0,0,9511.0,10
2026-06-18,SKU-1006,Sugar,416.0,0,9095.0,10
2026-06-19,SKU-1006,Sugar,350.0,0,8745.0,10
2026-06-20,SKU-1006,Sugar,322.0,0,8423.0,10
2026-06-21,SKU-1006,Sugar,432.0,0,,10
2026-06-22,SKU-1006,Sugar,407.0,0,7584.0,10
2026-06-23,SKU-1006,Sugar,565.0,0,7019.0,10
2026-06-24,SKU-1006,Sugar,749.0,0,6270.0,10
2026-06-25,SKU-1006,Sugar,530.0,0,5740.0,10
2026-06-26,SKU-1006,Sugar,,0,5354.0,10
2026-06-27,SKU-1006,Sugar,322.0,6512,11544.0,10
2026-06-28,SKU-1006,Sugar,367.0,0,11177.0,10
2026-06-29,SKU-1006,Sugar,398.0,0,10779.0,10
2026-01-01,SKU-1007,Sugar,614.0,0,1748.0,14
2026-01-02,SKU-1007,Sugar,563.0,0,1185.0,14
2026-01-03,SKU-1007,Sugar,385.0,0,800.0,14
2026-01-04,SKU-1007,Sugar,655.0,0,145.0,14
2026-01-05,SKU-1007,Sugar,560.0,0,0.0,14
2026-01-06,SKU-1007,Sugar,597.0,0,0.0,14
2026-01-07,SKU-1007,Sugar,680.0,8270,7590.0,14
2026-01-08,SKU-1007,Sugar,558.0,0,7032.0,14
2026-01-09,SKU-1007,Sugar,528.0,0,6504.0,14
2026-01-10,SKU-1007,Sugar,432.0,0,6072.0,14
2026-01-11,SKU-1007,Sugar,422.0,0,5650.0,14
2026-01-12,SKU-1007,Sugar,339.0,0,5311.0,14
2026-01-13,SKU-1007,Sugar,547.0,0,4764.0,14
2026-01-14,SKU-1007,Sugar,458.0,0,4306.0,14
2026-01-15,SKU-1007,Sugar,533.0,0,3773.0,14
2026-01-16,SKU-1007,Sugar,315.0,0,3458.0,14
2026-01-17,SKU-1007,Sugar,436.0,8330,11352.0,14
2026-01-18,SKU-1007,Sugar,344.0,0,11008.0,14
2026-01-19,SKU-1007,Sugar,520.0,0,10488.0,14
2026-01-20,SKU-1007,Sugar,600.0,0,9888.0,14
2026-01-21,SKU-1007,Sugar,854.0,0,9034.0,14
2026-01-22,SKU-1007,Sugar,515.0,0,8519.0,14
2026-01-23,SKU-1007,Sugar,493.0,0,8026.0,14
2026-01-24,SKU-1007,Sugar,391.0,0,7635.0,14
2026-01-25,SKU-1007,Sugar,534.0,0,7101.0,14
2026-01-26,SKU-1007,Sugar,523.0,0,6578.0,14
2026-01-27,SKU-1007,Sugar,324.0,0,6254.0,14
2026-01-28,SKU-1007,Sugar,463.0,0,5791.0,14
2026-01-29,SKU-1007,Sugar,556.0,9357,14592.0,14
2026-01-30,SKU-1007,Sugar,579.0,0,14013.0,14
2026-01-31,SKU-1007,Sugar,403.0,0,13610.0,14
2026-02-01,SKU-1007,Sugar,372.0,0,13238.0,14
2026-02-02,SKU-1007,Sugar,360.0,0,12878.0,14
2026-02-03,SKU-1007,Sugar,,0,12278.0,14
2026-02-04,SKU-1007,Sugar,440.0,0,11838.0,14
2026-02-05,SKU-1007,Sugar,476.0,0,11362.0,14
2026-02-06,SKU-1007,Sugar,668.0,0,10694.0,14
2026-02-07,SKU-1007,Sugar,477.0,0,10217.0,14
2026-02-08,SKU-1007,Sugar,,0,9917.0,14
2026-02-09,SKU-1007,Sugar,355.0,0,9562.0,14
2026-02-10,SKU-1007,Sugar,522.0,0,9040.0,14
2026-02-11,SKU-1007,Sugar,619.0,0,8421.0,14
2026-02-12,SKU-1007,Sugar,505.0,0,7916.0,14
2026-02-13,SKU-1007,Sugar,518.0,0,7398.0,14
2026-02-14,SKU-1007,Sugar,275.0,0,7123.0,14
2026-02-15,SKU-1007,Sugar,520.0,0,6603.0,14
2026-02-16,SKU-1007,Sugar,614.0,0,5989.0,14
2026-02-17,SKU-1007,Sugar,399.0,7297,12887.0,14
2026-02-18,SKU-1007,Sugar,551.0,0,12336.0,14
2026-02-19,SKU-1007,Sugar,303.0,0,12033.0,14
2026-02-20,SKU-1007,Sugar,362.0,0,11671.0,14
2026-02-21,SKU-1007,Sugar,508.0,0,11163.0,14
2026-02-22,SKU-1007,Sugar,544.0,0,10619.0,14
2026-02-23,SKU-1007,Sugar,485.0,0,10134.0,14
2026-02-24,SKU-1007,Sugar,635.0,0,9499.0,14
2026-02-25,SKU-1007,Sugar,647.0,0,8852.0,14
2026-02-26,SKU-1007,Sugar,408.0,0,8444.0,14
2026-02-27,SKU-1007,Sugar,500.0,0,7944.0,14
2026-02-28,SKU-1007,Sugar,270.0,0,7674.0,14
2026-03-01,SKU-1007,Sugar,362.0,0,7312.0,14
2026-03-02,SKU-1007,Sugar,414.0,0,6898.0,14
2026-03-03,SKU-1007,Sugar,666.0,0,6232.0,14
2026-03-04,SKU-1007,Sugar,501.0,0,5731.0,14
2026-03-05,SKU-1007,Sugar,587.0,0,5144.0,14
2026-03-06,SKU-1007,Sugar,455.0,0,4689.0,14
2026-03-07,SKU-1007,Sugar,365.0,8377,12701.0,14
2026-03-08,SKU-1007,Sugar,556.0,0,12145.0,14
2026-03-09,SKU-1007,Sugar,455.0,0,11690.0,14
2026-03-10,SKU-1007,Sugar,595.0,0,11095.0,14
2026-03-11,SKU-1007,Sugar,466.0,0,10629.0,14
2026-03-12,SKU-1007,Sugar,340.0,0,10289.0,14
2026-03-13,SKU-1007,Sugar,263.0,0,10026.0,14
2026-03-14,SKU-1007,Sugar,371.0,0,9655.0,14
2026-03-15,SKU-1007,Sugar,395.0,0,9260.0,14
2026-03-16,SKU-1007,Sugar,337.0,0,8923.0,14
2026-03-17,SKU-1007,Sugar,659.0,0,8264.0,14
2026-03-18,SKU-1007,Sugar,604.0,0,7660.0,14
2026-03-19,SKU-1007,Sugar,782.0,0,6878.0,14
2026-03-20,SKU-1007,Sugar,352.0,0,6526.0,14
2026-03-21,SKU-1007,Sugar,349.0,0,6177.0,14
2026-03-22,SKU-1007,Sugar,306.0,0,5871.0,14
2026-03-23,SKU-1007,Sugar,481.0,9380,14770.0,14
2026-03-24,SKU-1007,Sugar,537.0,0,14233.0,14
2026-03-25,SKU-1007,Sugar,180.0,0,14053.0,14
2026-03-26,SKU-1007,Sugar,446.0,0,13607.0,14
2026-03-27,SKU-1007,Sugar,525.0,0,13082.0,14
2026-03-28,SKU-1007,Sugar,285.0,0,12797.0,14
2026-03-29,SKU-1007,Sugar,430.0,0,12367.0,14
2026-03-30,SKU-1007,Sugar,666.0,0,11701.0,14
2026-03-31,SKU-1007,Sugar,478.0,0,11223.0,14
2026-04-01,SKU-1007,Sugar,382.0,0,10841.0,14
2026-04-02,SKU-1007,Sugar,431.0,0,10410.0,14
2026-04-03,SKU-1007,Sugar,400.0,0,10010.0,14
2026-04-04,SKU-1007,Sugar,263.0,0,9747.0,14
2026-04-05,SKU-1007,Sugar,679.0,0,9068.0,14
2026-04-06,SKU-1007,Sugar,558.0,0,8510.0,14
2026-04-07,SKU-1007,Sugar,692.0,0,7818.0,14
2026-04-08,SKU-1007,Sugar,381.0,0,7437.0,14
2026-04-09,SKU-1007,Sugar,420.0,0,7017.0,14
2026-04-10,SKU-1007,Sugar,164.0,0,6853.0,14
2026-04-11,SKU-1007,Sugar,449.0,0,6404.0,14
2026-04-12,SKU-1007,Sugar,301.0,0,6103.0,14
2026-04-13,SKU-1007,Sugar,373.0,0,5730.0,14
2026-04-14,SKU-1007,Sugar,328.0,7973,13375.0,14
2026-04-15,SKU-1007,Sugar,356.0,0,13019.0,14
2026-04-16,SKU-1007,Sugar,429.0,0,12590.0,14
2026-04-17,SKU-1007,Sugar,622.0,0,11968.0,14
2026-04-18,SKU-1007,Sugar,448.0,0,11520.0,14
2026-04-19,SKU-1007,Sugar,339.0,0,11181.0,14
2026-04-20,SKU-1007,Sugar,358.0,0,10823.0,14
2026-04-21,SKU-1007,Sugar,417.0,0,10406.0,14
2026-04-22,SKU-1007,Sugar,551.0,0,9855.0,14
2026-04-23,SKU-1007,Sugar,547.0,0,9308.0,14
2026-04-24,SKU-1007,Sugar,279.0,0,9029.0,14
2026-04-25,SKU-1007,Sugar,539.0,0,8490.0,14
2026-04-26,SKU-1007,Sugar,413.0,0,8077.0,14
2026-04-27,SKU-1007,Sugar,509.0,0,7568.0,14
2026-04-28,SKU-1007,Sugar,268.0,0,7300.0,14
2026-04-29,SKU-1007,Sugar,689.0,0,6611.0,14
2026-04-30,SKU-1007,Sugar,463.0,0,6148.0,14
2026-05-01,SKU-1007,Sugar,485.0,0,5663.0,14
2026-05-02,SKU-1007,Sugar,428.0,0,5235.0,14
2026-05-03,SKU-1007,Sugar,413.0,0,4822.0,14
2026-05-04,SKU-1007,Sugar,204.0,0,4618.0,14
2026-05-05,SKU-1007,Sugar,1213.0,8352,11757.0,14
2026-05-06,SKU-1007,Sugar,461.0,0,11296.0,14
2026-05-07,SKU-1007,Sugar,497.0,0,10799.0,14
2026-05-08,SKU-1007,Sugar,597.0,0,10202.0,14
2026-05-09,SKU-1007,Sugar,451.0,0,9751.0,14
2026-05-10,SKU-1007,Sugar,393.0,0,9358.0,14
2026-05-11,SKU-1007,Sugar,570.0,0,8788.0,14
2026-05-12,SKU-1007,Sugar,706.0,0,8082.0,14
2026-05-13,SKU-1007,Sugar,514.0,0,7568.0,14
2026-05-14,SKU-1007,Sugar,484.0,0,7084.0,14
2026-05-15,SKU-1007,Sugar,430.0,0,6654.0,14
2026-05-16,SKU-1007,Sugar,339.0,0,6315.0,14
2026-05-17,SKU-1007,Sugar,463.0,0,5852.0,14
2026-05-18,SKU-1007,Sugar,607.0,0,5245.0,14
2026-05-19,SKU-1007,Sugar,688.0,0,4557.0,14
2026-05-20,SKU-1007,Sugar,479.0,0,4078.0,14
2026-05-21,SKU-1007,Sugar,545.0,0,3533.0,14
2026-05-22,SKU-1007,Sugar,587.0,0,2946.0,14
2026-05-23,SKU-1007,Sugar,324.0,9826,12448.0,14
2026-05-24,SKU-1007,Sugar,461.0,0,11987.0,14
2026-05-25,SKU-1007,Sugar,397.0,0,11590.0,14
2026-05-26,SKU-1007,Sugar,460.0,0,11130.0,14
2026-05-27,SKU-1007,Sugar,1284.0,0,9846.0,14
2026-05-28,SKU-1007,Sugar,506.0,0,9340.0,14
2026-05-29,SKU-1007,Sugar,436.0,0,8904.0,14
2026-05-30,SKU-1007,Sugar,213.0,0,8691.0,14
2026-05-31,SKU-1007,Sugar,329.0,0,8362.0,14
2026-06-01,SKU-1007,Sugar,519.0,0,7843.0,14
2026-06-02,SKU-1007,Sugar,592.0,0,7251.0,14
2026-06-03,SKU-1007,Sugar,641.0,0,6610.0,14
2026-06-04,SKU-1007,Sugar,357.0,0,6253.0,14
2026-06-05,SKU-1007,Sugar,562.0,0,5691.0,14
2026-06-06,SKU-1007,SUGAR,408.0,0,5283.0,14
2026-06-07,SKU-1007,Sugar,315.0,0,4968.0,14
2026-06-08,SKU-1007,Sugar,410.0,7180,11738.0,14
2026-06-09,SKU-1007,Sugar,451.0,0,11287.0,14
2026-06-10,SKU-1007,Sugar,1147.0,0,10140.0,14
2026-06-11,SKU-1007,Sugar,484.0,0,9656.0,14
2026-06-12,SKU-1007,Sugar,238.0,0,9418.0,14
2026-06-13,SKU-1007,Sugar,434.0,0,8984.0,14
2026-06-14,SKU-1007,Sugar,396.0,0,8588.0,14
2026-06-15,SKU-1007,Sugar,417.0,0,8171.0,14
2026-06-16,SKU-1007,Sugar,451.0,0,7720.0,14
2026-06-17,SKU-1007,Sugar,631.0,0,7089.0,14
2026-06-18,SKU-1007,Sugar,462.0,0,6627.0,14
2026-06-19,SKU-1007,Sugar,346.0,0,6281.0,14
2026-06-20,SKU-1007,Sugar,302.0,0,5979.0,14
2026-06-21,SKU-1007,Sugar,950.0,0,5029.0,14
2026-06-22,SKU-1007,Sugar,418.0,0,4611.0,14
2026-06-23,SKU-1007,Sugar,589.0,0,4022.0,14
2026-06-24,SKU-1007,Sugar,1110.0,8984,11896.0,14
2026-06-25,SKU-1007,Sugar,426.0,0,11470.0,14
2026-06-26,SKU-1007,Sugar,358.0,0,11112.0,14
2026-06-27,SKU-1007,Sugar,339.0,0,10773.0,14
2026-06-28,SKU-1007,Sugar,489.0,0,10284.0,14
2026-06-29,SKU-1007,Sugar,671.0,0,9613.0,14
2026-01-01,SKU-1008,Sugar,77.0,0,291.0,5
2026-01-02,SKU-1008,Sugar,80.0,0,211.0,5
2026-01-03,SKU-1008,Sugar,71.0,0,140.0,5
2026-01-04,SKU-1008,Sugar,53.0,0,87.0,5
2026-01-05,SKU-1008,Sugar,92.0,0,0.0,5
2026-01-06,SKU-1008,Sugar,102.0,0,0.0,5
2026-01-07,SKU-1008,Sugar,84.0,0,0.0,5
2026-01-08,SKU-1008,Sugar,88.0,565,477.0,5
2026-01-09,SKU-1008,Sugar,72.0,0,,5
2026-01-10,SKU-1008,Sugar,80.0,0,325.0,5
2026-01-11,SKU-1008,Sugar,80.0,0,245.0,5
2026-01-12,SKU-1008,Sugar,72.0,474,647.0,5
2026-01-13,SKU-1008,Sugar,85.0,0,562.0,5
2026-01-14,SKU-1008,Sugar,83.0,0,479.0,5
2026-01-15,SKU-1008,Sugar,78.0,0,401.0,5
2026-01-16,SKU-1008,Sugar,84.0,0,317.0,5
2026-01-17,SKU-1008,Sugar,62.0,0,255.0,5
2026-01-18,SKU-1008,Sugar,63.0,0,192.0,5
2026-01-19,SKU-1008,Sugar,91.0,0,101.0,5
2026-01-20,SKU-1008,Sugar,109.0,0,0.0,5
2026-01-21,SKU-1008,Sugar,92.0,0,0.0,5
2026-01-22,SKU-1008,Sugar,82.0,0,0.0,5
2026-01-23,SKU-1008,Sugar,82.0,624,542.0,5
2026-01-24,SKU-1008,Sugar,82.0,0,460.0,5
2026-01-25,SKU-1008,Sugar,95.0,486,,5
2026-01-26,SKU-1008,Sugar,68.0,0,783.0,5
2026-01-27,SKU-1008,Sugar,93.0,0,690.0,5
2026-01-28,SKU-1008,Sugar,86.0,0,604.0,5
2026-01-29,SKU-1008,Sugar,92.0,0,512.0,5
2026-01-30,SKU-1008,Sugar,72.0,0,440.0,5
2026-01-31,SKU-1008,Sugar,70.0,611,981.0,5
2026-02-01,SKU-1008,Sugar,83.0,0,898.0,5
2026-02-02,SKU-1008,Sugar,55.0,0,843.0,5
2026-02-03,SKU-1008,Sugar,79.0,0,764.0,5
2026-02-04,SKU-1008,Sugar,85.0,0,679.0,5
2026-02-05,SKU-1008,Sugar,81.0,0,598.0,5
2026-02-06,SKU-1008,Sugar,98.0,0,500.0,5
2026-02-07,SKU-1008,Sugar,78.0,0,422.0,5
2026-02-08,SKU-1008,Sugar,93.0,494,823.0,5
2026-02-09,SKU-1008,Sugar,112.0,0,711.0,5
2026-02-10,SKU-1008,Sugar,106.0,0,605.0,5
2026-02-11,SKU-1008,Sugar,101.0,0,504.0,5
2026-02-12,SKU-1008,Sugar,94.0,0,410.0,5
2026-02-13,SKU-1008,Sugar,98.0,576,888.0,5
2026-02-14,SKU-1008,Sugar,68.0,0,820.0,5
2026-02-15,SKU-1008,Sugar,87.0,0,733.0,5
2026-02-16,SKU-1008,Sugar,66.0,0,667.0,5
2026-02-17,SKU-1008,Sugar,97.0,0,570.0,5
2026-02-18,SKU-1008,Sugar,101.0,0,469.0,5
2026-02-19,SKU-1008,Sugar,80.0,0,389.0,5
2026-02-20,SKU-1008,Sugar,72.0,0,317.0,5
2026-02-21,SKU-1008,Sugar,69.0,0,248.0,5
2026-02-22,SKU-1008,Sugar,63.0,0,185.0,5
2026-02-23,SKU-1008,Sugar,64.0,557,678.0,5
2026-02-24,SKU-1008,Sugar,91.0,0,587.0,5
2026-02-25,SKU-1008,Sugar,102.0,0,485.0,5
2026-02-26,SKU-1008,Sugar,80.0,0,405.0,5
2026-02-27,SKU-1008,Sugar,76.0,447,776.0,5
2026-02-28,SKU-1008,Sugar,60.0,0,716.0,5
2026-03-01,SKU-1008,Sugar,84.0,0,632.0,5
2026-03-02,SKU-1008,Sugar,105.0,0,527.0,5
2026-03-03,SKU-1008,Sugar,71.0,0,456.0,5
2026-03-04,SKU-1008,Sugar,111.0,0,345.0,5
2026-03-05,SKU-1008,Sugar,87.0,0,258.0,5
2026-03-06,SKU-1008,Sugar,65.0,0,193.0,5
2026-03-07,SKU-1008,Sugar,,0,107.0,5
2026-03-08,SKU-1008,Sugar,53.0,0,54.0,5
2026-03-09,SKU-1008,SUGAR,55.0,0,0.0,5
2026-03-10,SKU-1008,Sugar,78.0,0,0.0,5
2026-03-11,SKU-1008,Sugar,109.0,571,462.0,5
2026-03-12,SKU-1008,Sugar,88.0,0,374.0,5
2026-03-13,SKU-1008,Sugar,76.0,0,298.0,5
2026-03-14,SKU-1008,Sugar,151.0,0,147.0,5
2026-03-15,SKU-1008,Sugar,80.0,559,626.0,5
2026-03-16,SKU-1008,Sugar,107.0,0,519.0,5
2026-03-17,SKU-1008,Sugar,93.0,0,426.0,5
2026-03-18,SKU-1008,Sugar,85.0,0,341.0,5
2026-03-19,SKU-1008,Sugar,84.0,0,257.0,5
2026-03-20,SKU-1008,Sugar,64.0,0,193.0,5
2026-03-21,SKU-1008,Sugar,100.0,445,538.0,5
2026-03-22,SKU-1008,Sugar,87.0,0,,5
2026-03-23,SKU-1008,Sugar,87.0,0,364.0,5
2026-03-24,SKU-1008,Sugar,85.0,0,279.0,5
2026-03-25,SKU-1008,Sugar,76.0,0,203.0,5
2026-03-26,SKU-1008,Sugar,85.0,0,118.0,5
2026-03-27,SKU-1008,Sugar,99.0,0,19.0,5
2026-03-28,SKU-1008,Sugar,61.0,0,0.0,5
2026-03-29,SKU-1008,Sugar,74.0,0,0.0,5
2026-03-30,SKU-1008,Sugar,86.0,0,,5
2026-03-31,SKU-1008,Sugar,59.0,0,0.0,5
2026-04-01,SKU-1008,Sugar,96.0,508,412.0,5
2026-04-02,SKU-1008,Sugar,85.0,0,327.0,5
2026-04-03,SKU-1008,Sugar,91.0,551,787.0,5
2026-04-04,SKU-1008,Sugar,68.0,0,719.0,5
2026-04-05,SKU-1008,Sugar,86.0,0,633.0,5
2026-04-06,SKU-1008,Sugar,79.0,0,554.0,5
2026-04-07,SKU-1008,Sugar,69.0,0,485.0,5
2026-04-08,SKU-1008,Sugar,117.0,0,368.0,5
2026-04-09,SKU-1008,Sugar,118.0,517,767.0,5
2026-04-10,SKU-1008,Sugar,75.0,0,692.0,5
2026-04-11,SKU-1008,Sugar,81.0,0,611.0,5
2026-04-12,SKU-1008,Sugar,76.0,0,535.0,5
2026-04-13,SKU-1008,Sugar,73.0,0,462.0,5
2026-04-14,SKU-1008,Sugar,89.0,505,878.0,5
2026-04-15,SKU-1008,Sugar,99.0,0,779.0,5
2026-04-16,SKU-1008,Sugar,,0,683.0,5
2026-04-17,SKU-1008,Sugar,63.0,0,620.0,5
2026-04-18,SKU-1008,Sugar,89.0,0,531.0,5
2026-04-19,SKU-1008,Sugar,60.0,0,471.0,5
2026-04-20,SKU-1008,Sugar,97.0,0,374.0,5
2026-04-21,SKU-1008,Sugar,74.0,0,300.0,5
2026-04-22,SKU-1008,Sugar,82.0,479,697.0,5
2026-04-23,SKU-1008,Sugar,159.0,0,538.0,5
2026-04-24,SKU-1008,Sugar,74.0,0,464.0,5
2026-04-25,SKU-1008,Sugar,72.0,0,392.0,5
2026-04-26,SKU-1008,Sugar,82.0,0,310.0,5
2026-04-27,SKU-1008,Sugar,105.0,0,205.0,5
2026-04-28,SKU-1008,Sugar,83.0,0,122.0,5
2026-04-29,SKU-1008,Sugar,104.0,0,18.0,5
2026-04-30,SKU-1008,Sugar,99.0,451,370.0,5
2026-05-01,SKU-1008,Sugar,116.0,0,254.0,5
2026-05-02,SKU-1008,Sugar,92.0,539,701.0,5
2026-05-03,SKU-1008,Sugar,29.0,0,672.0,5
2026-05-04,SKU-1008,Sugar,94.0,0,578.0,5
2026-05-05,SKU-1008,Sugar,97.0,0,481.0,5
2026-05-06,SKU-1008,Sugar,87.0,0,394.0,5
2026-05-07,SKU-1008,Sugar,73.0,622,943.0,5
2026-05-08,SKU-1008,Sugar,88.0,0,855.0,5
2026-05-09,SKU-1008,Sugar,57.0,0,798.0,5
2026-05-10,SKU-1008,Sugar,88.0,0,710.0,5
2026-05-11,SKU-1008,Sugar,111.0,0,599.0,5
2026-05-12,SKU-1008,Sugar,89.0,0,510.0,5
2026-05-13,SKU-1008,Sugar,115.0,0,395.0,5
2026-05-14,SKU-1008,Sugar,86.0,0,309.0,5
2026-05-15,SKU-1008,Sugar,87.0,0,222.0,5
2026-05-16,SKU-1008,Sugar,67.0,0,155.0,5
2026-05-17,SKU-1008,Sugar,89.0,0,66.0,5
2026-05-18,SKU-1008,Sugar,71.0,0,0.0,5
2026-05-19,SKU-1008,Sugar,102.0,0,0.0,5
2026-05-20,SKU-1008,Sugar,81.0,0,0.0,5
2026-05-21,SKU-1008,Sugar,91.0,0,0.0,5
2026-05-22,SKU-1008,Sugar,91.0,0,0.0,5
2026-05-23,SKU-1008,Sugar,72.0,0,0.0,5
2026-05-24,SKU-1008,Sugar,95.0,0,0.0,5
2026-05-25,SKU-1008,Sugar,75.0,0,0.0,5
2026-05-26,SKU-1008,Sugar,89.0,0,0.0,5
2026-05-27,SKU-1008,Sugar,95.0,0,0.0,5
2026-05-28,SKU-1008,Sugar,88.0,0,0.0,5
2026-05-29,SKU-1008,Sugar,69.0,568,499.0,5
2026-05-30,SKU-1008,Sugar,65.0,0,434.0,5
2026-05-31,SKU-1008,Sugar,69.0,0,365.0,5
2026-06-01,SKU-1008,Sugar,104.0,603,864.0,5
2026-06-02,SKU-1008,Sugar,117.0,0,747.0,5
2026-06-03,SKU-1008,Sugar,81.0,0,666.0,5
2026-06-04,SKU-1008,Sugar,77.0,0,589.0,5
2026-06-05,SKU-1008,Sugar,82.0,0,507.0,5
2026-06-06,SKU-1008,Sugar,78.0,0,429.0,5
2026-06-07,SKU-1008,Sugar,90.0,561,900.0,5
2026-06-08,SKU-1008,Sugar,96.0,0,804.0,5
2026-06-09,SKU-1008,Sugar,105.0,0,699.0,5
2026-06-10,SKU-1008,Sugar,120.0,0,579.0,5
2026-06-11,SKU-1008,Sugar,128.0,0,451.0,5
2026-06-12,SKU-1008,Sugar,85.0,0,366.0,5
2026-06-13,SKU-1008,Sugar,85.0,0,281.0,5
2026-06-14,SKU-1008,Sugar,79.0,0,202.0,5
2026-06-15,SKU-1008,Sugar,67.0,433,568.0,5
2026-06-16,SKU-1008,Sugar,109.0,0,459.0,5
2026-06-17,SKU-1008,Sugar,113.0,498,844.0,5
2026-06-18,SKU-1008,Sugar,90.0,0,754.0,5
2026-06-19,SKU-1008,Sugar,57.0,0,697.0,5
2026-06-20,SKU-1008,Sugar,79.0,0,618.0,5
2026-06-21,SKU-1008,Sugar,71.0,0,547.0,5
2026-06-22,SKU-1008,Sugar,67.0,0,480.0,5
2026-06-23,SKU-1008,Sugar,99.0,0,381.0,5
2026-06-24,SKU-1008,Sugar,85.0,0,296.0,5
2026-06-25,SKU-1008,Sugar,107.0,0,189.0,5
2026-06-26,SKU-1008,Sugar,70.0,435,554.0,5
2026-06-27,SKU-1008,Sugar,83.0,0,471.0,5
2026-06-28,SKU-1008,Sugar,82.0,0,389.0,5
2026-06-29,SKU-1008,Sugar,97.0,0,292.0,5
2026-01-01,SKU-1009,Beverages,372.0,0,2762.0,14
2026-01-02,SKU-1009,Beverages,194.0,0,2568.0,14
2026-01-03,SKU-1009,Beverages,231.0,5423,7760.0,14
2026-01-04,SKU-1009,Beverages,263.0,0,7497.0,14
2026-01-05,SKU-1009,Beverages,329.0,0,7168.0,14
2026-01-06,SKU-1009,Beverages,375.0,0,6793.0,14
2026-01-07,SKU-1009,Beverages,256.0,0,6537.0,14
2026-01-08,SKU-1009,Beverages,265.0,0,6272.0,14
2026-01-09,SKU-1009,Beverages,141.0,0,6131.0,14
2026-01-10,SKU-1009,Beverages,408.0,0,5723.0,14
2026-01-11,SKU-1009,Beverages,254.0,0,5469.0,14
2026-01-12,SKU-1009,Beverages,370.0,0,5099.0,14
2026-01-13,SKU-1009,Beverages,409.0,0,4690.0,14
2026-01-14,SKU-1009,Beverages,452.0,0,4238.0,14
2026-01-15,SKU-1009,Beverages,352.0,0,3886.0,14
2026-01-16,SKU-1009,Beverages,218.0,0,3668.0,14
2026-01-17,SKU-1009,Beverages,,0,3401.0,14
2026-01-18,SKU-1009,Beverages,297.0,0,3104.0,14
2026-01-19,SKU-1009,Beverages,403.0,0,2701.0,14
2026-01-20,SKU-1009,Beverages,418.0,0,2283.0,14
2026-01-21,SKU-1009,Beverages,338.0,0,1945.0,14
2026-01-22,SKU-1009,Beverages,371.0,0,1574.0,14
2026-01-23,SKU-1009,Beverages,361.0,6225,7438.0,14
2026-01-24,SKU-1009,Beverages,197.0,0,7241.0,14
2026-01-25,SKU-1009,Beverages,88.0,0,7153.0,14
2026-01-26,SKU-1009,Beverages,254.0,0,6899.0,14
2026-01-27,SKU-1009,Beverages,391.0,0,6508.0,14
2026-01-28,SKU-1009,Beverages,490.0,0,6018.0,14
2026-01-29,SKU-1009,Beverages,234.0,0,5784.0,14
2026-01-30,SKU-1009,Beverages,339.0,0,5445.0,14
2026-01-31,SKU-1009,Beverages,254.0,0,5191.0,14
2026-02-01,SKU-1009,Beverages,234.0,0,4957.0,14
2026-02-02,SKU-1009,Beverages,312.0,0,4645.0,14
2026-02-03,SKU-1009,Beverages,435.0,0,4210.0,14
2026-02-04,SKU-1009,Beverages,530.0,0,3680.0,14
2026-02-05,SKU-1009,Beverages,335.0,0,3345.0,14
2026-02-06,SKU-1009,Beverages,333.0,0,3012.0,14
2026-02-07,SKU-1009,Beverages,286.0,4629,7355.0,14
2026-02-08,SKU-1009,Beverages,300.0,0,7055.0,14
2026-02-09,SKU-1009,Beverages,302.0,0,6753.0,14
2026-02-10,SKU-1009,Beverages,318.0,0,6435.0,14
2026-02-11,SKU-1009,Beverages,,0,6076.0,14
2026-02-12,SKU-1009,Beverages,429.0,0,5647.0,14
2026-02-13,SKU-1009,Beverages,266.0,0,5381.0,14
2026-02-14,SKU-1009,Beverages,200.0,0,5181.0,14
2026-02-15,SKU-1009,Beverages,303.0,0,4878.0,14
2026-02-16,SKU-1009,Beverages,379.0,0,4499.0,14
2026-02-17,SKU-1009,Beverages,408.0,0,4091.0,14
2026-02-18,SKU-1009,Beverages,480.0,0,3611.0,14
2026-02-19,SKU-1009,Beverages,,0,3216.0,14
2026-02-20,SKU-1009,Beverages,420.0,5626,8422.0,14
2026-02-21,SKU-1009,Beverages,216.0,0,8206.0,14
2026-02-22,SKU-1009,Beverages,325.0,0,7881.0,14
2026-02-23,SKU-1009,Beverages,333.0,0,7548.0,14
2026-02-24,SKU-1009,Beverages,410.0,0,7138.0,14
2026-02-25,SKU-1009,Beverages,442.0,0,6696.0,14
2026-02-26,SKU-1009,Beverages,316.0,0,6380.0,14
2026-02-27,SKU-1009,Beverages,348.0,0,6032.0,14
2026-02-28,SKU-1009,Beverages,280.0,0,5752.0,14
2026-03-01,SKU-1009,Beverages,302.0,0,5450.0,14
2026-03-02,SKU-1009,Beverages,315.0,0,5135.0,14
2026-03-03,SKU-1009,Beverages,334.0,0,4801.0,14
2026-03-04,SKU-1009,Beverages,415.0,0,4386.0,14
2026-03-05,SKU-1009,Beverages,488.0,0,3898.0,14
2026-03-06,SKU-1009,Beverages,321.0,0,3577.0,14
2026-03-07,SKU-1009,Beverages,231.0,0,3346.0,14
2026-03-08,SKU-1009,Beverages,326.0,0,3020.0,14
2026-03-09,SKU-1009,Beverages,260.0,5996,8756.0,14
2026-03-10,SKU-1009,Beverages,405.0,0,8351.0,14
2026-03-11,SKU-1009,Beverages,377.0,0,7974.0,14
2026-03-12,SKU-1009,Beverages,431.0,0,7543.0,14
2026-03-13,SKU-1009,Beverages,332.0,0,7211.0,14
2026-03-14,SKU-1009,Beverages,198.0,0,7013.0,14
2026-03-15,SKU-1009,Beverages,239.0,0,6774.0,14
2026-03-16,SKU-1009,Beverages,360.0,0,6414.0,14
2026-03-17,SKU-1009,Beverages,521.0,0,5893.0,14
2026-03-18,SKU-1009,Beverages,493.0,0,5400.0,14
2026-03-19,SKU-1009,Beverages,450.0,0,4950.0,14
2026-03-20,SKU-1009,Beverages,292.0,0,4658.0,14
2026-03-21,SKU-1009,Beverages,240.0,0,4418.0,14
2026-03-22,SKU-1009,Beverages,294.0,0,4124.0,14
2026-03-23,SKU-1009,Beverages,322.0,0,3802.0,14
2026-03-24,SKU-1009,Beverages,321.0,0,3481.0,14
2026-03-25,SKU-1009,Beverages,402.0,6122,9201.0,14
2026-03-26,SKU-1009,Beverages,418.0,0,8783.0,14
2026-03-27,SKU-1009,Beverages,205.0,0,8578.0,14
2026-03-28,SKU-1009,Beverages,343.0,0,8235.0,14
2026-03-29,SKU-1009,Beverages,,0,7909.0,14
2026-03-30,SKU-1009,Beverages,388.0,0,7521.0,14
2026-03-31,SKU-1009,Beverages,408.0,0,7113.0,14
2026-04-01,SKU-1009,Beverages,408.0,0,6705.0,14
2026-04-02,SKU-1009,Beverages,333.0,0,6372.0,14
2026-04-03,SKU-1009,Beverages,315.0,0,6057.0,14
2026-04-04,SKU-1009,Beverages,331.0,0,5726.0,14
2026-04-05,SKU-1009,Beverages,177.0,0,5549.0,14
2026-04-06,SKU-1009,Beverages,398.0,0,5151.0,14
2026-04-07,SKU-1009,Beverages,478.0,0,4673.0,14
2026-04-08,SKU-1009,Beverages,,0,4317.0,14
2026-04-09,SKU-1009,Beverages,747.0,0,3570.0,14
2026-04-10,SKU-1009,Beverages,206.0,0,3364.0,14
2026-04-11,SKU-1009,Beverages,218.0,0,3146.0,14
2026-04-12,SKU-1009,Beverages,321.0,0,2825.0,14
2026-04-13,SKU-1009,Beverages,264.0,0,2561.0,14
2026-04-14,SKU-1009,Beverages,399.0,0,2162.0,14
2026-04-15,SKU-1009,Beverages,611.0,0,1551.0,14
2026-04-16,SKU-1009,Beverages,390.0,0,1161.0,14
2026-04-17,SKU-1009,Beverages,255.0,0,906.0,14
2026-04-18,SKU-1009,Beverages,228.0,0,678.0,14
2026-04-19,SKU-1009,Beverages,307.0,0,371.0,14
2026-04-20,SKU-1009,Beverages,367.0,0,4.0,14
2026-04-21,SKU-1009,Beverages,478.0,4805,4331.0,14
2026-04-22,SKU-1009,Beverages,383.0,0,3948.0,14
2026-04-23,SKU-1009,Beverages,416.0,0,3532.0,14
2026-04-24,SKU-1009,Beverages,446.0,0,3086.0,14
2026-04-25,SKU-1009,Beverages,392.0,0,2694.0,14
2026-04-26,SKU-1009,Beverages,311.0,0,2383.0,14
2026-04-27,SKU-1009,Beverages,326.0,0,2057.0,14
2026-04-28,SKU-1009,Beverages,551.0,0,1506.0,14
2026-04-29,SKU-1009,Beverages,310.0,5992,7188.0,14
2026-04-30,SKU-1009,Beverages,440.0,0,6748.0,14
2026-05-01,SKU-1009,Beverages,211.0,0,6537.0,14
2026-05-02,SKU-1009,Beverages,276.0,0,6261.0,14
2026-05-03,SKU-1009,Beverages,,0,5985.0,14
2026-05-04,SKU-1009,Beverages,260.0,0,5725.0,14
2026-05-05,SKU-1009,Beverages,456.0,0,5269.0,14
2026-05-06,SKU-1009,Beverages,580.0,0,4689.0,14
2026-05-07,SKU-1009,Beverages,356.0,0,4333.0,14
2026-05-08,SKU-1009,Beverages,308.0,0,4025.0,14
2026-05-09,SKU-1009,Beverages,326.0,0,3699.0,14
2026-05-10,SKU-1009,Beverages,314.0,0,3385.0,14
2026-05-11,SKU-1009,Beverages,398.0,0,2987.0,14
2026-05-12,SKU-1009,Beverages,391.0,6176,8772.0,14
2026-05-13,SKU-1009,Beverages,490.0,0,8282.0,14
2026-05-14,SKU-1009,Beverages,348.0,0,7934.0,14
2026-05-15,SKU-1009,BEVERAGES,439.0,0,7495.0,14
2026-05-16,SKU-1009,Beverages,271.0,0,7224.0,14
2026-05-17,SKU-1009,Beverages,267.0,0,6957.0,14
2026-05-18,SKU-1009,Beverages,259.0,0,6698.0,14
2026-05-19,SKU-1009,Beverages,366.0,0,6332.0,14
2026-05-20,SKU-1009,Beverages,338.0,0,5994.0,14
2026-05-21,SKU-1009,Beverages,316.0,0,5678.0,14
2026-05-22,SKU-1009,Beverages,377.0,0,5301.0,14
2026-05-23,SKU-1009,Beverages,733.0,0,4568.0,14
2026-05-24,SKU-1009,Beverages,,0,4504.0,14
2026-05-25,SKU-1009,Beverages,279.0,0,4225.0,14
2026-05-26,SKU-1009,Beverages,402.0,0,3823.0,14
2026-05-27,SKU-1009,Beverages,343.0,0,3480.0,14
2026-05-28,SKU-1009,Beverages,383.0,0,,14
2026-05-29,SKU-1009,Beverages,,5799,8468.0,14
2026-05-30,SKU-1009,Beverages,258.0,0,8210.0,14
2026-05-31,SKU-1009,Beverages,255.0,0,7955.0,14
2026-06-01,SKU-1009,Beverages,358.0,0,7597.0,14
2026-06-02,SKU-1009,Beverages,615.0,0,6982.0,14
2026-06-03,SKU-1009,Beverages,587.0,0,6395.0,14
2026-06-04,SKU-1009,Beverages,509.0,0,5886.0,14
2026-06-05,SKU-1009,Beverages,331.0,0,5555.0,14
2026-06-06,SKU-1009,Beverages,224.0,0,5331.0,14
2026-06-07,SKU-1009,Beverages,314.0,0,5017.0,14
2026-06-08,SKU-1009,Beverages,462.0,0,4555.0,14
2026-06-09,SKU-1009,Beverages,387.0,0,4168.0,14
2026-06-10,SKU-1009,Beverages,374.0,0,3794.0,14
2026-06-11,SKU-1009,Beverages,372.0,0,3422.0,14
2026-06-12,SKU-1009,Beverages,305.0,0,3117.0,14
2026-06-13,SKU-1009,Beverages,265.0,0,2852.0,14
2026-06-14,SKU-1009,Beverages,315.0,6141,8678.0,14
2026-06-15,SKU-1009,Beverages,457.0,0,8221.0,14
2026-06-16,SKU-1009,Beverages,435.0,0,7786.0,14
2026-06-17,SKU-1009,Beverages,388.0,0,7398.0,14
2026-06-18,SKU-1009,Beverages,337.0,0,7061.0,14
2026-06-19,SKU-1009,Beverages,380.0,0,6681.0,14
2026-06-20,SKU-1009,Beverages,328.0,0,6353.0,14
2026-06-21,SKU-1009,Beverages,274.0,0,6079.0,14
2026-06-22,SKU-1009,Beverages,304.0,0,5775.0,14
2026-06-23,SKU-1009,Beverages,412.0,0,5363.0,14
2026-06-24,SKU-1009,Beverages,535.0,0,4828.0,14
2026-06-25,SKU-1009,Beverages,473.0,0,4355.0,14
2026-06-26,SKU-1009,Beverages,165.0,0,4190.0,14
2026-06-27,SKU-1009,Beverages,297.0,0,3893.0,14
2026-06-28,SKU-1009,Beverages,250.0,0,3643.0,14
2026-06-29,SKU-1009,Beverages,385.0,6616,9874.0,14
2026-01-01,SKU-1010,Snacks,237.0,0,911.0,3
2026-01-02,SKU-1010,Snacks,196.0,0,715.0,3
2026-01-03,SKU-1010,Snacks,171.0,0,544.0,3
2026-01-04,SKU-1010,Snacks,209.0,0,335.0,3
2026-01-05,SKU-1010,Snacks,190.0,0,145.0,3
2026-01-06,SKU-1010,Snacks,200.0,783,728.0,3
2026-01-07,SKU-1010,Snacks,,0,461.0,3
2026-01-08,SKU-1010,Snacks,218.0,0,243.0,3
2026-01-09,SKU-1010,Snacks,155.0,0,88.0,3
2026-01-10,SKU-1010,Snacks,165.0,874,797.0,3
2026-01-11,SKU-1010,Snacks,179.0,0,618.0,3
2026-01-12,SKU-1010,Snacks,238.0,0,380.0,3
2026-01-13,SKU-1010,Snacks,205.0,0,175.0,3
2026-01-14,SKU-1010,Snacks,220.0,689,644.0,3
2026-01-15,SKU-1010,Snacks,277.0,0,367.0,3
2026-01-16,SKU-1010,Snacks,220.0,0,147.0,3
2026-01-17,SKU-1010,Snacks,159.0,0,,3
2026-01-18,SKU-1010,Snacks,173.0,0,0.0,3
2026-01-19,SKU-1010,Snacks,152.0,0,0.0,3
2026-01-20,SKU-1010,Snacks,229.0,0,0.0,3
2026-01-21,SKU-1010,Snacks,224.0,0,0.0,3
2026-01-22,SKU-1010,Snacks,204.0,879,675.0,3
2026-01-23,SKU-1010,Snacks,206.0,0,469.0,3
2026-01-24,SKU-1010,Snacks,124.0,0,345.0,3
2026-01-25,SKU-1010,Snacks,182.0,0,163.0,3
2026-01-26,SKU-1010,Snacks,216.0,0,0.0,3
2026-01-27,SKU-1010,Snacks,242.0,0,0.0,3
2026-01-28,SKU-1010,Snacks,195.0,0,0.0,3
2026-01-29,SKU-1010,Snacks,222.0,0,0.0,3
2026-01-30,SKU-1010,Snacks,155.0,0,0.0,3
2026-01-31,SKU-1010,Snacks,167.0,0,0.0,3
2026-02-01,SKU-1010,Snacks,175.0,0,0.0,3
2026-02-02,SKU-1010,Snacks,217.0,0,0.0,3
2026-02-03,SKU-1010,Snacks,430.0,875,445.0,3
2026-02-04,SKU-1010,Snacks,207.0,648,886.0,3
2026-02-05,SKU-1010,Snacks,199.0,0,687.0,3
2026-02-06,SKU-1010,Snacks,222.0,0,465.0,3
2026-02-07,SKU-1010,Snacks,176.0,931,1220.0,3
2026-02-08,SKU-1010,Snacks,153.0,0,1067.0,3
2026-02-09,SKU-1010,Snacks,193.0,0,874.0,3
2026-02-10,SKU-1010,Snacks,263.0,0,611.0,3
2026-02-11,SKU-1010,Snacks,227.0,0,384.0,3
2026-02-12,SKU-1010,Snacks,201.0,0,183.0,3
2026-02-13,SKU-1010,Snacks,221.0,688,650.0,3
2026-02-14,SKU-1010,Snacks,194.0,0,456.0,3
2026-02-15,SKU-1010,Snacks,176.0,874,1154.0,3
2026-02-16,SKU-1010,Snacks,212.0,0,942.0,3
2026-02-17,SKU-1010,Snacks,218.0,0,724.0,3
2026-02-18,SKU-1010,Snacks,218.0,0,506.0,3
2026-02-19,SKU-1010,Snacks,224.0,737,1019.0,3
2026-02-20,SKU-1010,Snacks,236.0,0,783.0,3
2026-02-21,SKU-1010,Snacks,146.0,0,637.0,3
2026-02-22,SKU-1010,Snacks,195.0,0,442.0,3
2026-02-23,SKU-1010,Snacks,254.0,0,188.0,3
2026-02-24,SKU-1010,Snacks,260.0,912,840.0,3
2026-02-25,SKU-1010,Snacks,277.0,0,563.0,3
2026-02-26,SKU-1010,Snacks,245.0,0,318.0,3
2026-02-27,SKU-1010,Snacks,143.0,686,861.0,3
2026-02-28,SKU-1010,Snacks,172.0,0,689.0,3
2026-03-01,SKU-1010,Snacks,186.0,0,503.0,3
2026-03-02,SKU-1010,Snacks,194.0,0,309.0,3
2026-03-03,SKU-1010,Snacks,252.0,0,57.0,3
2026-03-04,SKU-1010,Snacks,249.0,0,0.0,3
2026-03-05,SKU-1010,Snacks,262.0,0,0.0,3
2026-03-06,SKU-1010,Snacks,181.0,767,586.0,3
2026-03-07,SKU-1010,Snacks,161.0,0,425.0,3
2026-03-08,SKU-1010,Snacks,214.0,0,211.0,3
2026-03-09,SKU-1010,Snacks,196.0,865,880.0,3
2026-03-10,SKU-1010,Snacks,228.0,0,652.0,3
2026-03-11,SKU-1010,Snacks,225.0,0,427.0,3
2026-03-12,SKU-1010,Snacks,249.0,0,178.0,3
2026-03-13,SKU-1010,Snacks,198.0,0,0.0,3
2026-03-14,SKU-1010,Snacks,125.0,0,0.0,3
2026-03-15,SKU-1010,Snacks,164.0,0,0.0,3
2026-03-16,SKU-1010,Snacks,154.0,0,0.0,3
2026-03-17,SKU-1010,Snacks,213.0,772,559.0,3
2026-03-18,SKU-1010,Snacks,227.0,0,332.0,3
2026-03-19,SKU-1010,Snacks,169.0,911,1074.0,3
2026-03-20,SKU-1010,Snacks,142.0,0,932.0,3
2026-03-21,SKU-1010,Snacks,196.0,0,736.0,3
2026-03-22,SKU-1010,Snacks,142.0,0,594.0,3
2026-03-23,SKU-1010,Snacks,197.0,0,397.0,3
2026-03-24,SKU-1010,Snacks,193.0,0,204.0,3
2026-03-25,SKU-1010,Snacks,216.0,0,0.0,3
2026-03-26,SKU-1010,Snacks,244.0,782,538.0,3
2026-03-27,SKU-1010,Snacks,171.0,0,367.0,3
2026-03-28,SKU-1010,Snacks,172.0,665,860.0,3
2026-03-29,SKU-1010,Snacks,175.0,0,685.0,3
2026-03-30,SKU-1010,Snacks,191.0,0,494.0,3
2026-03-31,SKU-1010,Snacks,218.0,0,276.0,3
2026-04-01,SKU-1010,Snacks,254.0,0,22.0,3
2026-04-02,SKU-1010,Snacks,216.0,0,0.0,3
2026-04-03,SKU-1010,Snacks,202.0,0,0.0,3
2026-04-04,SKU-1010,Snacks,174.0,0,0.0,3
2026-04-05,SKU-1010,Snacks,183.0,0,0.0,3
2026-04-06,SKU-1010,Snacks,146.0,833,687.0,3
2026-04-07,SKU-1010,Snacks,209.0,0,478.0,3
2026-04-08,SKU-1010,Snacks,153.0,758,1083.0,3
2026-04-09,SKU-1010,Snacks,197.0,0,886.0,3
2026-04-10,SKU-1010,Snacks,198.0,0,688.0,3
2026-04-11,SKU-1010,Snacks,137.0,0,551.0,3
2026-04-12,SKU-1010,Snacks,182.0,0,369.0,3
2026-04-13,SKU-1010,Snacks,184.0,929,1114.0,3
2026-04-14,SKU-1010,Snacks,223.0,0,891.0,3
2026-04-15,SKU-1010,Snacks,264.0,0,627.0,3
2026-04-16,SKU-1010,Snacks,169.0,0,458.0,3
2026-04-17,SKU-1010,Snacks,167.0,0,291.0,3
2026-04-18,SKU-1010,Snacks,182.0,0,109.0,3
2026-04-19,SKU-1010,Snacks,171.0,790,728.0,3
2026-04-20,SKU-1010,Snacks,184.0,0,544.0,3
2026-04-21,SKU-1010,Snacks,236.0,892,1200.0,3
2026-04-22,SKU-1010,Snacks,197.0,0,1003.0,3
2026-04-23,SKU-1010,Snacks,172.0,0,831.0,3
2026-04-24,SKU-1010,Snacks,163.0,0,668.0,3
2026-04-25,SKU-1010,Snacks,160.0,0,508.0,3
2026-04-26,SKU-1010,Snacks,181.0,0,327.0,3
2026-04-27,SKU-1010,Snacks,238.0,778,867.0,3
2026-04-28,SKU-1010,Snacks,207.0,0,660.0,3
2026-04-29,SKU-1010,Snacks,232.0,0,428.0,3
2026-04-30,SKU-1010,Snacks,223.0,0,205.0,3
2026-05-01,SKU-1010,Snacks,241.0,0,0.0,3
2026-05-02,SKU-1010,Snacks,157.0,0,0.0,3
2026-05-03,SKU-1010,Snacks,114.0,0,0.0,3
2026-05-04,SKU-1010,Snacks,208.0,0,0.0,3
2026-05-05,SKU-1010,Snacks,182.0,756,574.0,3
2026-05-06,SKU-1010,Snacks,254.0,0,320.0,3
2026-05-07,SKU-1010,Snacks,207.0,903,1016.0,3
2026-05-08,SKU-1010,Snacks,209.0,0,807.0,3
2026-05-09,SKU-1010,Snacks,165.0,0,642.0,3
2026-05-10,SKU-1010,Snacks,157.0,0,485.0,3
2026-05-11,SKU-1010,Snacks,199.0,881,1167.0,3
2026-05-12,SKU-1010,Snacks,179.0,0,988.0,3
2026-05-13,SKU-1010,Snacks,192.0,0,796.0,3
2026-05-14,SKU-1010,Snacks,187.0,0,609.0,3
2026-05-15,SKU-1010,Snacks,144.0,0,465.0,3
2026-05-16,SKU-1010,Snacks,122.0,0,343.0,3
2026-05-17,SKU-1010,Snacks,139.0,631,835.0,3
2026-05-18,SKU-1010,Snacks,213.0,0,622.0,3
2026-05-19,SKU-1010,Snacks,191.0,0,431.0,3
2026-05-20,SKU-1010,Snacks,191.0,0,240.0,3
2026-05-21,SKU-1010,Snacks,235.0,0,5.0,3
2026-05-22,SKU-1010,Snacks,153.0,0,0.0,3
2026-05-23,SKU-1010,Snacks,173.0,0,0.0,3
2026-05-24,SKU-1010,Snacks,132.0,773,641.0,3
2026-05-25,SKU-1010,Snacks,205.0,0,436.0,3
2026-05-26,SKU-1010,Snacks,204.0,0,232.0,3
2026-05-27,SKU-1010,Snacks,171.0,0,61.0,3
2026-05-28,SKU-1010,Snacks,229.0,0,0.0,3
2026-05-29,SKU-1010,Snacks,171.0,0,0.0,3
2026-05-30,SKU-1010,Snacks,181.0,0,0.0,3
2026-05-31,SKU-1010,Snacks,175.0,747,572.0,3
2026-06-01,SKU-1010,Snacks,185.0,0,387.0,3
2026-06-02,SKU-1010,Snacks,227.0,664,824.0,3
2026-06-03,SKU-1010,Snacks,184.0,0,640.0,3
2026-06-04,SKU-1010,Snacks,153.0,0,487.0,3
2026-06-05,SKU-1010,Snacks,154.0,659,992.0,3
2026-06-06,SKU-1010,Snacks,182.0,0,810.0,3
2026-06-07,SKU-1010,Snacks,172.0,0,638.0,3
2026-06-08,SKU-1010,Snacks,188.0,0,450.0,3
2026-06-09,SKU-1010,Snacks,145.0,0,305.0,3
2026-06-10,SKU-1010,Snacks,273.0,694,726.0,3
2026-06-11,SKU-1010,Snacks,216.0,0,510.0,3
2026-06-12,SKU-1010,Snacks,195.0,0,315.0,3
2026-06-13,SKU-1010,Snacks,171.0,0,144.0,3
2026-06-14,SKU-1010,Snacks,177.0,0,0.0,3
2026-06-15,SKU-1010,Snacks,172.0,0,0.0,3
2026-06-16,SKU-1010,Snacks,171.0,0,0.0,3
2026-06-17,SKU-1010,Snacks,207.0,848,641.0,3
2026-06-18,SKU-1010,Snacks,222.0,0,419.0,3
2026-06-19,SKU-1010,Snacks,172.0,0,247.0,3
2026-06-20,SKU-1010,Snacks,33.0,0,214.0,3
2026-06-21,SKU-1010,Snacks,164.0,0,50.0,3
2026-06-22,SKU-1010,Snacks,259.0,0,0.0,3
2026-06-23,SKU-1010,Snacks,250.0,0,0.0,3
2026-06-24,SKU-1010,Snacks,226.0,0,0.0,3
2026-06-25,SKU-1010,Snacks,107.0,832,725.0,3
2026-06-26,SKU-1010,Snacks,178.0,0,547.0,3
2026-06-27,SKU-1010,Snacks,130.0,0,417.0,3
2026-06-28,SKU-1010,Snacks,137.0,0,280.0,3
2026-06-29,SKU-1010,Snacks,168.0,0,112.0,3
2026-01-01,SKU-1011,Sugar,168.0,3250,4953.0,14
2026-01-02,SKU-1011,Sugar,227.0,0,4726.0,14
2026-01-03,SKU-1011,Sugar,149.0,0,4577.0,14
2026-01-04,SKU-1011,Sugar,135.0,0,4442.0,14
2026-01-05,SKU-1011,Sugar,236.0,0,4206.0,14
2026-01-06,SKU-1011,Sugar,235.0,0,3971.0,14
2026-01-07,SKU-1011,Sugar,276.0,0,3695.0,14
2026-01-08,SKU-1011,Sugar,277.0,0,3418.0,14
2026-01-09,SKU-1011,Sugar,227.0,0,3191.0,14
2026-01-10,SKU-1011,Sugar,158.0,0,3033.0,14
2026-01-11,SKU-1011,Sugar,,0,2870.0,14
2026-01-12,SKU-1011,Sugar,182.0,0,2688.0,14
2026-01-13,SKU-1011,Sugar,221.0,0,2467.0,14
2026-01-14,SKU-1011,Sugar,236.0,0,2231.0,14
2026-01-15,SKU-1011,Sugar,183.0,0,2048.0,14
2026-01-16,SKU-1011,Sugar,131.0,3062,4979.0,14
2026-01-17,SKU-1011,Sugar,199.0,0,4780.0,14
2026-01-18,SKU-1011,Sugar,235.0,0,4545.0,14
2026-01-19,SKU-1011,Sugar,258.0,0,4287.0,14
2026-01-20,SKU-1011,Sugar,269.0,0,4018.0,14
2026-01-21,SKU-1011,Sugar,176.0,0,3842.0,14
2026-01-22,SKU-1011,Sugar,220.0,0,3622.0,14
2026-01-23,SKU-1011,Sugar,147.0,0,3475.0,14
2026-01-24,SKU-1011,Sugar,,0,3319.0,14
2026-01-25,SKU-1011,Sugar,141.0,0,3178.0,14
2026-01-26,SKU-1011,Sugar,188.0,0,2990.0,14
2026-01-27,SKU-1011,Sugar,190.0,0,2800.0,14
2026-01-28,SKU-1011,Sugar,239.0,0,2561.0,14
2026-01-29,SKU-1011,Sugar,202.0,0,2359.0,14
2026-01-30,SKU-1011,Sugar,144.0,0,2215.0,14
2026-01-31,SKU-1011,Sugar,141.0,0,2074.0,14
2026-02-01,SKU-1011,Sugar,130.0,0,1944.0,14
2026-02-02,SKU-1011,Sugar,226.0,0,1718.0,14
2026-02-03,SKU-1011,Sugar,203.0,0,1515.0,14
2026-02-04,SKU-1011,Sugar,246.0,0,1269.0,14
2026-02-05,SKU-1011,Sugar,90.0,3304,4483.0,14
2026-02-06,SKU-1011,Sugar,280.0,0,4203.0,14
2026-02-07,SKU-1011,Sugar,173.0,0,4030.0,14
2026-02-08,SKU-1011,Sugar,178.0,0,3852.0,14
2026-02-09,SKU-1011,Sugar,193.0,0,3659.0,14
2026-02-10,SKU-1011,Sugar,245.0,0,3414.0,14
2026-02-11,SKU-1011,Sugar,286.0,0,3128.0,14
2026-02-12,SKU-1011,Sugar,241.0,0,2887.0,14
2026-02-13,SKU-1011,Sugar,222.0,0,2665.0,14
2026-02-14,SKU-1011,Sugar,175.0,0,2490.0,14
2026-02-15,SKU-1011,Sugar,101.0,0,,14
2026-02-16,SKU-1011,Sugar,278.0,0,2111.0,14
2026-02-17,SKU-1011,Sugar,220.0,0,1891.0,14
2026-02-18,SKU-1011,Sugar,204.0,3065,4752.0,14
2026-02-19,SKU-1011,Sugar,186.0,0,4566.0,14
2026-02-20,SKU-1011,Sugar,117.0,0,4449.0,14
2026-02-21,SKU-1011,Sugar,183.0,0,4266.0,14
2026-02-22,SKU-1011,Sugar,134.0,0,4132.0,14
2026-02-23,SKU-1011,Sugar,213.0,0,3919.0,14
2026-02-24,SKU-1011,Sugar,280.0,0,3639.0,14
2026-02-25,SKU-1011,Sugar,128.0,0,3511.0,14
2026-02-26,SKU-1011,Sugar,206.0,0,3305.0,14
2026-02-27,SKU-1011,Sugar,190.0,0,3115.0,14
2026-02-28,SKU-1011,Sugar,133.0,0,2982.0,14
2026-03-01,SKU-1011,Sugar,103.0,0,2879.0,14
2026-03-02,SKU-1011,Sugar,186.0,0,2693.0,14
2026-03-03,SKU-1011,Sugar,189.0,0,2504.0,14
2026-03-04,SKU-1011,Sugar,90.0,0,2414.0,14
2026-03-05,SKU-1011,Sugar,163.0,0,2251.0,14
2026-03-06,SKU-1011,Sugar,146.0,0,2105.0,14
2026-03-07,SKU-1011,Sugar,161.0,3832,5776.0,14
2026-03-08,SKU-1011,Sugar,109.0,0,5667.0,14
2026-03-09,SKU-1011,Sugar,185.0,0,5482.0,14
2026-03-10,SKU-1011,Sugar,271.0,0,5211.0,14
2026-03-11,SKU-1011,Sugar,187.0,0,5024.0,14
2026-03-12,SKU-1011,Sugar,216.0,0,4808.0,14
2026-03-13,SKU-1011,Sugar,162.0,0,4646.0,14
2026-03-14,SKU-1011,Sugar,176.0,0,4470.0,14
2026-03-15,SKU-1011,Sugar,91.0,0,4379.0,14
2026-03-16,SKU-1011,SUGAR,122.0,0,4257.0,14
2026-03-17,SKU-1011,Sugar,121.0,0,4136.0,14
2026-03-18,SKU-1011,Sugar,319.0,0,3817.0,14
2026-03-19,SKU-1011,Sugar,198.0,0,3619.0,14
2026-03-20,SKU-1011,Sugar,141.0,0,3478.0,14
2026-03-21,SKU-1011,Sugar,167.0,0,3311.0,14
2026-03-22,SKU-1011,Sugar,146.0,0,3165.0,14
2026-03-23,SKU-1011,Sugar,191.0,0,2974.0,14
2026-03-24,SKU-1011,Sugar,208.0,0,2766.0,14
2026-03-25,SKU-1011,Sugar,310.0,0,2456.0,14
2026-03-26,SKU-1011,Sugar,258.0,0,2198.0,14
2026-03-27,SKU-1011,Sugar,197.0,0,2001.0,14
2026-03-28,SKU-1011,Sugar,213.0,0,1788.0,14
2026-03-29,SKU-1011,Sugar,132.0,0,1656.0,14
2026-03-30,SKU-1011,Sugar,145.0,3685,5196.0,14
2026-03-31,SKU-1011,Sugar,228.0,0,4968.0,14
2026-04-01,SKU-1011,Sugar,218.0,0,4750.0,14
2026-04-02,SKU-1011,Sugar,173.0,0,4577.0,14
2026-04-03,SKU-1011,Sugar,165.0,0,4412.0,14
2026-04-04,SKU-1011,Sugar,118.0,0,4294.0,14
2026-04-05,SKU-1011,Sugar,169.0,0,4125.0,14
2026-04-06,SKU-1011,Sugar,228.0,0,3897.0,14
2026-04-07,SKU-1011,Sugar,242.0,0,3655.0,14
2026-04-08,SKU-1011,Sugar,247.0,0,3408.0,14
2026-04-09,SKU-1011,Sugar,220.0,0,3188.0,14
2026-04-10,SKU-1011,Sugar,218.0,0,2970.0,14
2026-04-11,SKU-1011,Sugar,159.0,0,2811.0,14
2026-04-12,SKU-1011,Sugar,151.0,0,2660.0,14
2026-04-13,SKU-1011,Sugar,233.0,0,2427.0,14
2026-04-14,SKU-1011,Sugar,120.0,0,2307.0,14
2026-04-15,SKU-1011,Sugar,120.0,0,2187.0,14
2026-04-16,SKU-1011,Sugar,171.0,0,2016.0,14
2026-04-17,SKU-1011,Sugar,176.0,0,1840.0,14
2026-04-18,SKU-1011,Sugar,110.0,3097,4827.0,14
2026-04-19,SKU-1011,Sugar,181.0,0,4646.0,14
2026-04-20,SKU-1011,Sugar,216.0,0,4430.0,14
2026-04-21,SKU-1011,Sugar,177.0,0,4253.0,14
2026-04-22,SKU-1011,Sugar,210.0,0,4043.0,14
2026-04-23,SKU-1011,Sugar,239.0,0,3804.0,14
2026-04-24,SKU-1011,Sugar,177.0,0,3627.0,14
2026-04-25,SKU-1011,Sugar,115.0,0,3512.0,14
2026-04-26,SKU-1011,Sugar,173.0,0,3339.0,14
2026-04-27,SKU-1011,Sugar,127.0,0,3212.0,14
2026-04-28,SKU-1011,Sugar,737.0,0,2475.0,14
2026-04-29,SKU-1011,Sugar,225.0,0,2250.0,14
2026-04-30,SKU-1011,Sugar,166.0,0,2084.0,14
2026-05-01,SKU-1011,Sugar,189.0,0,1895.0,14
2026-05-02,SKU-1011,Sugar,,3707,5487.0,14
2026-05-03,SKU-1011,Sugar,121.0,0,5366.0,14
2026-05-04,SKU-1011,Sugar,211.0,0,5155.0,14
2026-05-05,SKU-1011,Sugar,234.0,0,4921.0,14
2026-05-06,SKU-1011,Sugar,229.0,0,4692.0,14
2026-05-07,SKU-1011,Sugar,128.0,0,4564.0,14
2026-05-08,SKU-1011,Sugar,201.0,0,4363.0,14
2026-05-09,SKU-1011,Sugar,118.0,0,4245.0,14
2026-05-10,SKU-1011,Sugar,162.0,0,4083.0,14
2026-05-11,SKU-1011,Sugar,122.0,0,3961.0,14
2026-05-12,SKU-1011,Sugar,159.0,0,3802.0,14
2026-05-13,SKU-1011,Sugar,207.0,0,3595.0,14
2026-05-14,SKU-1011,Sugar,213.0,0,3382.0,14
2026-05-15,SKU-1011,Sugar,62.0,0,3320.0,14
2026-05-16,SKU-1011,Sugar,163.0,0,3157.0,14
2026-05-17,SKU-1011,Sugar,153.0,0,3004.0,14
2026-05-18,SKU-1011,Sugar,110.0,0,2894.0,14
2026-05-19,SKU-1011,Sugar,181.0,0,2713.0,14
2026-05-20,SKU-1011,Sugar,229.0,0,2484.0,14
2026-05-21,SKU-1011,Sugar,187.0,0,2297.0,14
2026-05-22,SKU-1011,Sugar,174.0,0,,14
2026-05-23,SKU-1011,Sugar,66.0,0,2057.0,14
2026-05-24,SKU-1011,Sugar,133.0,0,1924.0,14
2026-05-25,SKU-1011,Sugar,171.0,0,1753.0,14
2026-05-26,SKU-1011,Sugar,198.0,0,1555.0,14
2026-05-27,SKU-1011,Sugar,157.0,0,1398.0,14
2026-05-28,SKU-1011,Sugar,312.0,0,1086.0,14
2026-05-29,SKU-1011,Sugar,146.0,0,940.0,14
2026-05-30,SKU-1011,Sugar,165.0,0,775.0,14
2026-05-31,SKU-1011,Sugar,120.0,3912,4567.0,14
2026-06-01,SKU-1011,Sugar,223.0,0,4344.0,14
2026-06-02,SKU-1011,Sugar,257.0,0,4087.0,14
2026-06-03,SKU-1011,Sugar,211.0,0,3876.0,14
2026-06-04,SKU-1011,Sugar,271.0,0,3605.0,14
2026-06-05,SKU-1011,Sugar,348.0,0,3257.0,14
2026-06-06,SKU-1011,Sugar,95.0,0,3162.0,14
2026-06-07,SKU-1011,Sugar,158.0,0,3004.0,14
2026-06-08,SKU-1011,Sugar,156.0,0,2848.0,14
2026-06-09,SKU-1011,Sugar,49.0,0,2799.0,14
2026-06-10,SKU-1011,Sugar,136.0,0,2663.0,14
2026-06-11,SKU-1011,Sugar,315.0,0,2348.0,14
2026-06-12,SKU-1011,Sugar,141.0,0,2207.0,14
2026-06-13,SKU-1011,Sugar,117.0,0,2090.0,14
2026-06-14,SKU-1011,Sugar,186.0,0,1904.0,14
2026-06-15,SKU-1011,Sugar,149.0,0,1755.0,14
2026-06-16,SKU-1011,Sugar,162.0,0,1593.0,14
2026-06-17,SKU-1011,Sugar,278.0,0,1315.0,14
2026-06-18,SKU-1011,Sugar,164.0,0,1151.0,14
2026-06-19,SKU-1011,Sugar,127.0,0,1024.0,14
2026-06-20,SKU-1011,Sugar,66.0,3930,4888.0,14
2026-06-21,SKU-1011,Sugar,148.0,0,4740.0,14
2026-06-22,SKU-1011,Sugar,220.0,0,4520.0,14
2026-06-23,SKU-1011,Sugar,242.0,0,4278.0,14
2026-06-24,SKU-1011,Sugar,201.0,0,4077.0,14
2026-06-25,SKU-1011,Sugar,164.0,0,3913.0,14
2026-06-26,SKU-1011,Sugar,137.0,0,3776.0,14
2026-06-27,SKU-1011,Sugar,103.0,0,3673.0,14
2026-06-28,SKU-1011,Sugar,136.0,0,3537.0,14
2026-06-29,SKU-1011,Sugar,164.0,0,3373.0,14
2026-01-01,SKU-1012,Beverages,436.0,6882,8422.0,14
2026-01-02,SKU-1012,Beverages,471.0,0,7951.0,14
2026-01-03,SKU-1012,Beverages,423.0,0,7528.0,14
2026-01-04,SKU-1012,Beverages,524.0,0,7004.0,14
2026-01-05,SKU-1012,Beverages,443.0,0,6561.0,14
2026-01-06,SKU-1012,Beverages,463.0,0,6098.0,14
2026-01-07,SKU-1012,Beverages,421.0,6486,12163.0,14
2026-01-08,SKU-1012,Beverages,466.0,0,,14
2026-01-09,SKU-1012,Beverages,418.0,0,11279.0,14
2026-01-10,SKU-1012,Beverages,295.0,0,10984.0,14
2026-01-11,SKU-1012,Beverages,339.0,0,10645.0,14
2026-01-12,SKU-1012,Beverages,389.0,0,10256.0,14
2026-01-13,SKU-1012,Beverages,460.0,0,9796.0,14
2026-01-14,SKU-1012,Beverages,419.0,0,9377.0,14
2026-01-15,SKU-1012,Beverages,429.0,0,8948.0,14
2026-01-16,SKU-1012,Beverages,449.0,0,8499.0,14
2026-01-17,SKU-1012,Beverages,384.0,0,8115.0,14
2026-01-18,SKU-1012,Beverages,450.0,0,7665.0,14
2026-01-19,SKU-1012,Beverages,428.0,0,7237.0,14
2026-01-20,SKU-1012,Beverages,496.0,0,6741.0,14
2026-01-21,SKU-1012,BEVERAGES,538.0,0,6203.0,14
2026-01-22,SKU-1012,Beverages,414.0,6828,12617.0,14
2026-01-23,SKU-1012,Beverages,416.0,0,12201.0,14
2026-01-24,SKU-1012,Beverages,326.0,0,11875.0,14
2026-01-25,SKU-1012,Beverages,386.0,0,11489.0,14
2026-01-26,SKU-1012,Beverages,360.0,0,11129.0,14
2026-01-27,SKU-1012,Beverages,407.0,0,10722.0,14
2026-01-28,SKU-1012,Beverages,460.0,0,10262.0,14
2026-01-29,SKU-1012,Beverages,359.0,0,9903.0,14
2026-01-30,SKU-1012,Beverages,456.0,0,9447.0,14
2026-01-31,SKU-1012,Beverages,344.0,0,9103.0,14
2026-02-01,SKU-1012,Beverages,398.0,0,8705.0,14
2026-02-02,SKU-1012,Beverages,388.0,0,8317.0,14
2026-02-03,SKU-1012,Beverages,451.0,0,7866.0,14
2026-02-04,SKU-1012,Beverages,477.0,0,7389.0,14
2026-02-05,SKU-1012,Beverages,471.0,0,6918.0,14
2026-02-06,SKU-1012,Beverages,435.0,0,6483.0,14
2026-02-07,SKU-1012,Beverages,390.0,0,6093.0,14
2026-02-08,SKU-1012,Beverages,309.0,0,5784.0,14
2026-02-09,SKU-1012,Beverages,427.0,8179,13536.0,14
2026-02-10,SKU-1012,Beverages,504.0,0,13032.0,14
2026-02-11,SKU-1012,Beverages,465.0,0,12567.0,14
2026-02-12,SKU-1012,Beverages,404.0,0,12163.0,14
2026-02-13,SKU-1012,Beverages,393.0,0,11770.0,14
2026-02-14,SKU-1012,Beverages,366.0,0,11404.0,14
2026-02-15,SKU-1012,Beverages,401.0,0,11003.0,14
2026-02-16,SKU-1012,Beverages,420.0,0,10583.0,14
2026-02-17,SKU-1012,Beverages,438.0,0,10145.0,14
2026-02-18,SKU-1012,Beverages,397.0,0,9748.0,14
2026-02-19,SKU-1012,Beverages,419.0,0,9329.0,14
2026-02-20,SKU-1012,Beverages,431.0,0,8898.0,14
2026-02-21,SKU-1012,Beverages,429.0,0,8469.0,14
2026-02-22,SKU-1012,Beverages,409.0,0,8060.0,14
2026-02-23,SKU-1012,Beverages,382.0,0,7678.0,14
2026-02-24,SKU-1012,Beverages,431.0,0,7247.0,14
2026-02-25,SKU-1012,Beverages,468.0,0,6779.0,14
2026-02-26,SKU-1012,Beverages,614.0,0,6165.0,14
2026-02-27,SKU-1012,Beverages,413.0,0,5752.0,14
2026-02-28,SKU-1012,Beverages,372.0,0,5380.0,14
2026-03-01,SKU-1012,Beverages,706.0,0,4674.0,14
2026-03-02,SKU-1012,Beverages,455.0,6428,10647.0,14
2026-03-03,SKU-1012,Beverages,474.0,0,10173.0,14
2026-03-04,SKU-1012,Beverages,477.0,0,9696.0,14
2026-03-05,SKU-1012,Beverages,430.0,0,9266.0,14
2026-03-06,SKU-1012,Beverages,386.0,0,8880.0,14
2026-03-07,SKU-1012,Beverages,356.0,0,8524.0,14
2026-03-08,SKU-1012,Beverages,863.0,0,7661.0,14
2026-03-09,SKU-1012,Beverages,391.0,0,7270.0,14
2026-03-10,SKU-1012,Beverages,495.0,0,6775.0,14
2026-03-11,SKU-1012,Beverages,486.0,0,6289.0,14
2026-03-12,SKU-1012,Beverages,428.0,0,5861.0,14
2026-03-13,SKU-1012,Beverages,435.0,0,5426.0,14
2026-03-14,SKU-1012,Beverages,374.0,0,5052.0,14
2026-03-15,SKU-1012,Beverages,396.0,7535,12191.0,14
2026-03-16,SKU-1012,Beverages,426.0,0,11765.0,14
2026-03-17,SKU-1012,Beverages,501.0,0,11264.0,14
2026-03-18,SKU-1012,Beverages,457.0,0,10807.0,14
2026-03-19,SKU-1012,Beverages,470.0,0,10337.0,14
2026-03-20,SKU-1012,Beverages,458.0,0,9879.0,14
2026-03-21,SKU-1012,Beverages,391.0,0,9488.0,14
2026-03-22,SKU-1012,Beverages,404.0,0,9084.0,14
2026-03-23,SKU-1012,Beverages,391.0,0,8693.0,14
2026-03-24,SKU-1012,Beverages,498.0,0,8195.0,14
2026-03-25,SKU-1012,Beverages,467.0,0,7728.0,14
2026-03-26,SKU-1012,Beverages,429.0,0,7299.0,14
2026-03-27,SKU-1012,Beverages,443.0,0,6856.0,14
2026-03-28,SKU-1012,Beverages,363.0,0,6493.0,14
2026-03-29,SKU-1012,Beverages,340.0,0,6153.0,14
2026-03-30,SKU-1012,Beverages,426.0,6689,12416.0,14
2026-03-31,SKU-1012,Beverages,421.0,0,11995.0,14
2026-04-01,SKU-1012,Beverages,439.0,0,11556.0,14
2026-04-02,SKU-1012,Beverages,371.0,0,11185.0,14
2026-04-03,SKU-1012,Beverages,835.0,0,10350.0,14
2026-04-04,SKU-1012,Beverages,,0,9946.0,14
2026-04-05,SKU-1012,Beverages,317.0,0,9629.0,14
2026-04-06,SKU-1012,Beverages,433.0,0,9196.0,14
2026-04-07,SKU-1012,Beverages,440.0,0,8756.0,14
2026-04-08,SKU-1012,Beverages,448.0,0,8308.0,14
2026-04-09,SKU-1012,Beverages,465.0,0,7843.0,14
2026-04-10,SKU-1012,Beverages,417.0,0,7426.0,14
2026-04-11,SKU-1012,Beverages,431.0,0,6995.0,14
2026-04-12,SKU-1012,Beverages,394.0,0,6601.0,14
2026-04-13,SKU-1012,Beverages,455.0,0,6146.0,14
2026-04-14,SKU-1012,Beverages,395.0,8278,14029.0,14
2026-04-15,SKU-1012,Beverages,438.0,0,13591.0,14
2026-04-16,SKU-1012,Beverages,486.0,0,13105.0,14
2026-04-17,SKU-1012,Beverages,369.0,0,12736.0,14
2026-04-18,SKU-1012,Beverages,356.0,0,12380.0,14
2026-04-19,SKU-1012,Beverages,361.0,0,12019.0,14
2026-04-20,SKU-1012,Beverages,444.0,0,11575.0,14
2026-04-21,SKU-1012,Beverages,407.0,0,11168.0,14
2026-04-22,SKU-1012,Beverages,360.0,0,10808.0,14
2026-04-23,SKU-1012,Beverages,352.0,0,10456.0,14
2026-04-24,SKU-1012,Beverages,349.0,0,10107.0,14
2026-04-25,SKU-1012,Beverages,357.0,0,9750.0,14
2026-04-26,SKU-1012,Beverages,414.0,0,9336.0,14
2026-04-27,SKU-1012,Beverages,360.0,0,8976.0,14
2026-04-28,SKU-1012,Beverages,440.0,0,8536.0,14
2026-04-29,SKU-1012,Beverages,920.0,0,7616.0,14
2026-04-30,SKU-1012,Beverages,434.0,0,7182.0,14
2026-05-01,SKU-1012,Beverages,340.0,0,6842.0,14
2026-05-02,SKU-1012,Beverages,416.0,0,6426.0,14
2026-05-03,SKU-1012,Beverages,702.0,0,5724.0,14
2026-05-04,SKU-1012,Beverages,449.0,0,5275.0,14
2026-05-05,SKU-1012,Beverages,470.0,6667,11472.0,14
2026-05-06,SKU-1012,Beverages,451.0,0,11021.0,14
2026-05-07,SKU-1012,Beverages,399.0,0,10622.0,14
2026-05-08,SKU-1012,Beverages,404.0,0,10218.0,14
2026-05-09,SKU-1012,Beverages,421.0,0,9797.0,14
2026-05-10,SKU-1012,Beverages,387.0,0,9410.0,14
2026-05-11,SKU-1012,Beverages,341.0,0,9069.0,14
2026-05-12,SKU-1012,Beverages,438.0,0,8631.0,14
2026-05-13,SKU-1012,Beverages,418.0,0,8213.0,14
2026-05-14,SKU-1012,Beverages,491.0,0,7722.0,14
2026-05-15,SKU-1012,Beverages,372.0,0,7350.0,14
2026-05-16,SKU-1012,Beverages,417.0,0,6933.0,14
2026-05-17,SKU-1012,Beverages,454.0,0,6479.0,14
2026-05-18,SKU-1012,Beverages,475.0,0,6004.0,14
2026-05-19,SKU-1012,Beverages,391.0,7690,13303.0,14
2026-05-20,SKU-1012,Beverages,446.0,0,12857.0,14
2026-05-21,SKU-1012,Beverages,413.0,0,12444.0,14
2026-05-22,SKU-1012,Beverages,423.0,0,12021.0,14
2026-05-23,SKU-1012,Beverages,397.0,0,11624.0,14
2026-05-24,SKU-1012,Beverages,467.0,0,11157.0,14
2026-05-25,SKU-1012,Beverages,406.0,0,10751.0,14
2026-05-26,SKU-1012,Beverages,400.0,0,10351.0,14
2026-05-27,SKU-1012,Beverages,469.0,0,9882.0,14
2026-05-28,SKU-1012,Beverages,424.0,0,9458.0,14
2026-05-29,SKU-1012,Beverages,370.0,0,9088.0,14
2026-05-30,SKU-1012,Beverages,372.0,0,8716.0,14
2026-05-31,SKU-1012,Beverages,375.0,0,8341.0,14
2026-06-01,SKU-1012,Beverages,,0,8053.0,14
2026-06-02,SKU-1012,Beverages,419.0,0,7634.0,14
2026-06-03,SKU-1012,Beverages,515.0,0,7119.0,14
2026-06-04,SKU-1012,Beverages,491.0,0,6628.0,14
2026-06-05,SKU-1012,Beverages,398.0,0,6230.0,14
2026-06-06,SKU-1012,Beverages,376.0,6492,12346.0,14
2026-06-07,SKU-1012,Beverages,434.0,0,11912.0,14
2026-06-08,SKU-1012,Beverages,,0,11447.0,14
2026-06-09,SKU-1012,Beverages,387.0,0,11060.0,14
2026-06-10,SKU-1012,Beverages,419.0,0,10641.0,14
2026-06-11,SKU-1012,Beverages,419.0,0,10222.0,14
2026-06-12,SKU-1012,Beverages,440.0,0,9782.0,14
2026-06-13,SKU-1012,Beverages,339.0,0,9443.0,14
2026-06-14,SKU-1012,Beverages,450.0,0,8993.0,14
2026-06-15,SKU-1012,Beverages,391.0,0,8602.0,14
2026-06-16,SKU-1012,Beverages,470.0,0,8132.0,14
2026-06-17,SKU-1012,Beverages,451.0,0,7681.0,14
2026-06-18,SKU-1012,Beverages,437.0,0,7244.0,14
2026-06-19,SKU-1012,Beverages,407.0,0,6837.0,14
2026-06-20,SKU-1012,Beverages,369.0,0,6468.0,14
2026-06-21,SKU-1012,Beverages,391.0,0,6077.0,14
2026-06-22,SKU-1012,Beverages,420.0,0,5657.0,14
2026-06-23,SKU-1012,Beverages,411.0,7942,13188.0,14
2026-06-24,SKU-1012,Beverages,508.0,0,12680.0,14
2026-06-25,SKU-1012,Beverages,351.0,0,12329.0,14
2026-06-26,SKU-1012,Beverages,392.0,0,11937.0,14
2026-06-27,SKU-1012,Beverages,362.0,0,11575.0,14
2026-06-28,SKU-1012,Beverages,391.0,0,11184.0,14
2026-06-29,SKU-1012,Beverages,413.0,0,10771.0,14
2026-01-01,SKU-1013,Pasta,436.0,0,1514.0,10
2026-01-02,SKU-1013,Pasta,377.0,0,1137.0,10
2026-01-03,SKU-1013,Pasta,445.0,0,692.0,10
2026-01-04,SKU-1013,Pasta,504.0,0,188.0,10
2026-01-05,SKU-1013,Pasta,476.0,0,0.0,10
2026-01-06,SKU-1013,Pasta,501.0,0,0.0,10
2026-01-07,SKU-1013,Pasta,556.0,0,0.0,10
2026-01-08,SKU-1013,Pasta,640.0,0,0.0,10
2026-01-09,SKU-1013,Pasta,427.0,0,0.0,10
2026-01-10,SKU-1013,Pasta,425.0,6481,6056.0,10
2026-01-11,SKU-1013,Pasta,321.0,0,5735.0,10
2026-01-12,SKU-1013,Pasta,386.0,0,5349.0,10
2026-01-13,SKU-1013,Pasta,532.0,0,4817.0,10
2026-01-14,SKU-1013,Pasta,456.0,0,4361.0,10
2026-01-15,SKU-1013,Pasta,1071.0,0,3290.0,10
2026-01-16,SKU-1013,Pasta,396.0,0,2894.0,10
2026-01-17,SKU-1013,Pasta,473.0,0,2421.0,10
2026-01-18,SKU-1013,Pasta,898.0,0,1523.0,10
2026-01-19,SKU-1013,Pasta,480.0,0,1043.0,10
2026-01-20,SKU-1013,Pasta,592.0,0,451.0,10
2026-01-21,SKU-1013,Pasta,348.0,0,103.0,10
2026-01-22,SKU-1013,Pasta,507.0,0,0.0,10
2026-01-23,SKU-1013,Pasta,415.0,0,0.0,10
2026-01-24,SKU-1013,Pasta,412.0,4936,4524.0,10
2026-01-25,SKU-1013,Pasta,399.0,0,4125.0,10
2026-01-26,SKU-1013,Pasta,309.0,0,3816.0,10
2026-01-27,SKU-1013,Pasta,482.0,0,3334.0,10
2026-01-28,SKU-1013,Pasta,548.0,0,2786.0,10
2026-01-29,SKU-1013,Pasta,461.0,0,2325.0,10
2026-01-30,SKU-1013,Pasta,604.0,4646,6367.0,10
2026-01-31,SKU-1013,Pasta,416.0,0,5951.0,10
2026-02-01,SKU-1013,Pasta,399.0,0,5552.0,10
2026-02-02,SKU-1013,Pasta,292.0,0,5260.0,10
2026-02-03,SKU-1013,Pasta,504.0,0,4756.0,10
2026-02-04,SKU-1013,Pasta,581.0,0,4175.0,10
2026-02-05,SKU-1013,Pasta,400.0,0,3775.0,10
2026-02-06,SKU-1013,Pasta,378.0,0,3397.0,10
2026-02-07,SKU-1013,Pasta,452.0,0,2945.0,10
2026-02-08,SKU-1013,Pasta,413.0,0,2532.0,10
2026-02-09,SKU-1013,Pasta,423.0,5185,7294.0,10
2026-02-10,SKU-1013,Pasta,521.0,0,6773.0,10
2026-02-11,SKU-1013,Pasta,494.0,0,6279.0,10
2026-02-12,SKU-1013,Pasta,429.0,0,5850.0,10
2026-02-13,SKU-1013,Pasta,518.0,0,5332.0,10
2026-02-14,SKU-1013,Pasta,429.0,0,4903.0,10
2026-02-15,SKU-1013,Pasta,447.0,0,4456.0,10
2026-02-16,SKU-1013,Pasta,494.0,0,3962.0,10
2026-02-17,SKU-1013,Pasta,532.0,0,3430.0,10
2026-02-18,SKU-1013,Pasta,571.0,0,2859.0,10
2026-02-19,SKU-1013,Pasta,412.0,0,2447.0,10
2026-02-20,SKU-1013,Pasta,385.0,0,2062.0,10
2026-02-21,SKU-1013,Pasta,404.0,6577,8235.0,10
2026-02-22,SKU-1013,Pasta,491.0,0,7744.0,10
2026-02-23,SKU-1013,Pasta,324.0,0,7420.0,10
2026-02-24,SKU-1013,Pasta,426.0,0,6994.0,10
2026-02-25,SKU-1013,Pasta,455.0,0,6539.0,10
2026-02-26,SKU-1013,Pasta,638.0,0,5901.0,10
2026-02-27,SKU-1013,Pasta,543.0,0,5358.0,10
2026-02-28,SKU-1013,Pasta,537.0,0,4821.0,10
2026-03-01,SKU-1013,Pasta,392.0,0,4429.0,10
2026-03-02,SKU-1013,Pasta,553.0,0,3876.0,10
2026-03-03,SKU-1013,Pasta,533.0,0,3343.0,10
2026-03-04,SKU-1013,Pasta,550.0,0,2793.0,10
2026-03-05,SKU-1013,Pasta,416.0,0,2377.0,10
2026-03-06,SKU-1013,Pasta,543.0,0,1834.0,10
2026-03-07,SKU-1013,Pasta,416.0,0,1418.0,10
2026-03-08,SKU-1013,Pasta,349.0,6569,7638.0,10
2026-03-09,SKU-1013,Pasta,449.0,0,7189.0,10
2026-03-10,SKU-1013,Pasta,537.0,0,6652.0,10
2026-03-11,SKU-1013,Pasta,473.0,0,6179.0,10
2026-03-12,SKU-1013,Pasta,488.0,0,5691.0,10
2026-03-13,SKU-1013,Pasta,451.0,0,5240.0,10
2026-03-14,SKU-1013,Pasta,400.0,0,4840.0,10
2026-03-15,SKU-1013,Pasta,397.0,0,4443.0,10
2026-03-16,SKU-1013,Pasta,449.0,0,3994.0,10
2026-03-17,SKU-1013,Pasta,474.0,0,3520.0,10
2026-03-18,SKU-1013,Pasta,1366.0,0,2154.0,10
2026-03-19,SKU-1013,Pasta,1292.0,0,862.0,10
2026-03-20,SKU-1013,Pasta,448.0,0,414.0,10
2026-03-21,SKU-1013,Pasta,386.0,0,28.0,10
2026-03-22,SKU-1013,Pasta,465.0,0,0.0,10
2026-03-23,SKU-1013,Pasta,447.0,0,0.0,10
2026-03-24,SKU-1013,Pasta,457.0,0,0.0,10
2026-03-25,SKU-1013,Pasta,483.0,5799,5316.0,10
2026-03-26,SKU-1013,Pasta,348.0,0,4968.0,10
2026-03-27,SKU-1013,Pasta,448.0,0,4520.0,10
2026-03-28,SKU-1013,Pasta,499.0,0,4021.0,10
2026-03-29,SKU-1013,Pasta,376.0,0,3645.0,10
2026-03-30,SKU-1013,Pasta,637.0,0,3008.0,10
2026-03-31,SKU-1013,Pasta,577.0,0,2431.0,10
2026-04-01,SKU-1013,Pasta,565.0,0,1866.0,10
2026-04-02,SKU-1013,Pasta,539.0,0,1327.0,10
2026-04-03,SKU-1013,Pasta,441.0,0,886.0,10
2026-04-04,SKU-1013,Pasta,386.0,6215,6715.0,10
2026-04-05,SKU-1013,Pasta,411.0,0,6304.0,10
2026-04-06,SKU-1013,Pasta,379.0,0,5925.0,10
2026-04-07,SKU-1013,Pasta,477.0,0,5448.0,10
2026-04-08,SKU-1013,Pasta,481.0,0,4967.0,10
2026-04-09,SKU-1013,Pasta,610.0,0,4357.0,10
2026-04-10,SKU-1013,Pasta,451.0,0,3906.0,10
2026-04-11,SKU-1013,Pasta,386.0,0,3520.0,10
2026-04-12,SKU-1013,Pasta,422.0,6375,9473.0,10
2026-04-13,SKU-1013,Pasta,497.0,0,8976.0,10
2026-04-14,SKU-1013,Pasta,585.0,0,8391.0,10
2026-04-15,SKU-1013,Pasta,617.0,0,7774.0,10
2026-04-16,SKU-1013,Pasta,623.0,0,7151.0,10
2026-04-17,SKU-1013,Pasta,416.0,0,6735.0,10
2026-04-18,SKU-1013,Pasta,384.0,0,6351.0,10
2026-04-19,SKU-1013,Pasta,394.0,0,5957.0,10
2026-04-20,SKU-1013,Pasta,410.0,0,5547.0,10
2026-04-21,SKU-1013,Pasta,575.0,0,4972.0,10
2026-04-22,SKU-1013,Pasta,420.0,0,4552.0,10
2026-04-23,SKU-1013,Pasta,567.0,0,3985.0,10
2026-04-24,SKU-1013,Pasta,352.0,0,3633.0,10
2026-04-25,SKU-1013,Pasta,334.0,0,3299.0,10
2026-04-26,SKU-1013,Pasta,402.0,0,2897.0,10
2026-04-27,SKU-1013,Pasta,519.0,0,2378.0,10
2026-04-28,SKU-1013,Pasta,535.0,0,1843.0,10
2026-04-29,SKU-1013,Pasta,460.0,0,1383.0,10
2026-04-30,SKU-1013,Pasta,336.0,0,1047.0,10
2026-05-01,SKU-1013,Pasta,470.0,5258,5835.0,10
2026-05-02,SKU-1013,Pasta,436.0,0,5399.0,10
2026-05-03,SKU-1013,Pasta,400.0,0,4999.0,10
2026-05-04,SKU-1013,Pasta,471.0,0,4528.0,10
2026-05-05,SKU-1013,Pasta,388.0,0,4140.0,10
2026-05-06,SKU-1013,Pasta,464.0,0,3676.0,10
2026-05-07,SKU-1013,Pasta,494.0,0,3182.0,10
2026-05-08,SKU-1013,Pasta,521.0,5032,7693.0,10
2026-05-09,SKU-1013,Pasta,365.0,0,7328.0,10
2026-05-10,SKU-1013,Pasta,941.0,0,6387.0,10
2026-05-11,SKU-1013,Pasta,493.0,0,5894.0,10
2026-05-12,SKU-1013,Pasta,322.0,0,5572.0,10
2026-05-13,SKU-1013,Pasta,535.0,0,5037.0,10
2026-05-14,SKU-1013,Pasta,,0,4564.0,10
2026-05-15,SKU-1013,Pasta,376.0,0,4188.0,10
2026-05-16,SKU-1013,Pasta,228.0,0,3960.0,10
2026-05-17,SKU-1013,Pasta,367.0,0,3593.0,10
2026-05-18,SKU-1013,Pasta,416.0,0,3177.0,10
2026-05-19,SKU-1013,Pasta,514.0,0,2663.0,10
2026-05-20,SKU-1013,Pasta,422.0,5661,7902.0,10
2026-05-21,SKU-1013,Pasta,524.0,0,7378.0,10
2026-05-22,SKU-1013,Pasta,436.0,0,6942.0,10
2026-05-23,SKU-1013,Pasta,368.0,0,6574.0,10
2026-05-24,SKU-1013,Pasta,479.0,0,6095.0,10
2026-05-25,SKU-1013,Pasta,491.0,0,5604.0,10
2026-05-26,SKU-1013,Pasta,416.0,0,5188.0,10
2026-05-27,SKU-1013,Pasta,430.0,0,4758.0,10
2026-05-28,SKU-1013,Pasta,505.0,0,4253.0,10
2026-05-29,SKU-1013,Pasta,372.0,0,3881.0,10
2026-05-30,SKU-1013,Pasta,485.0,0,3396.0,10
2026-05-31,SKU-1013,Pasta,442.0,0,2954.0,10
2026-06-01,SKU-1013,Pasta,432.0,0,2522.0,10
2026-06-02,SKU-1013,Pasta,579.0,0,1943.0,10
2026-06-03,SKU-1013,Pasta,485.0,0,1458.0,10
2026-06-04,SKU-1013,Pasta,517.0,0,941.0,10
2026-06-05,SKU-1013,Pasta,457.0,4717,5201.0,10
2026-06-06,SKU-1013,Pasta,392.0,0,4809.0,10
2026-06-07,SKU-1013,Pasta,382.0,0,4427.0,10
2026-06-08,SKU-1013,Pasta,434.0,0,3993.0,10
2026-06-09,SKU-1013,Pasta,427.0,0,3566.0,10
2026-06-10,SKU-1013,Pasta,452.0,0,3114.0,10
2026-06-11,SKU-1013,Pasta,615.0,0,2499.0,10
2026-06-12,SKU-1013,Pasta,,5844,7860.0,10
2026-06-13,SKU-1013,Pasta,419.0,0,7441.0,10
2026-06-14,SKU-1013,Pasta,529.0,0,6912.0,10
2026-06-15,SKU-1013,Pasta,612.0,0,6300.0,10
2026-06-16,SKU-1013,Pasta,609.0,0,5691.0,10
2026-06-17,SKU-1013,Pasta,472.0,0,5219.0,10
2026-06-18,SKU-1013,Pasta,481.0,0,4738.0,10
2026-06-19,SKU-1013,Pasta,463.0,0,4275.0,10
2026-06-20,SKU-1013,Pasta,475.0,0,3800.0,10
2026-06-21,SKU-1013,Pasta,396.0,0,3404.0,10
2026-06-22,SKU-1013,Pasta,458.0,0,2946.0,10
2026-06-23,SKU-1013,Pasta,451.0,4806,7301.0,10
2026-06-24,SKU-1013,Pasta,488.0,0,6813.0,10
2026-06-25,SKU-1013,Pasta,433.0,0,6380.0,10
2026-06-26,SKU-1013,Pasta,524.0,0,5856.0,10
2026-06-27,SKU-1013,Pasta,494.0,0,5362.0,10
2026-06-28,SKU-1013,Pasta,495.0,0,4867.0,10
2026-06-29,SKU-1013,Pasta,472.0,0,4395.0,10
2026-01-01,SKU-1014,Snacks,345.0,0,1726.0,7
2026-01-02,SKU-1014,Snacks,207.0,2945,4464.0,7
2026-01-03,SKU-1014,Snacks,251.0,0,4213.0,7
2026-01-04,SKU-1014,Snacks,197.0,0,4016.0,7
2026-01-05,SKU-1014,Snacks,382.0,0,3634.0,7
2026-01-06,SKU-1014,Snacks,296.0,0,3338.0,7
2026-01-07,SKU-1014,Snacks,264.0,0,3074.0,7
2026-01-08,SKU-1014,Snacks,332.0,0,2742.0,7
2026-01-09,SKU-1014,Snacks,268.0,0,2474.0,7
2026-01-10,SKU-1014,Snacks,293.0,0,2181.0,7
2026-01-11,SKU-1014,Snacks,217.0,0,1964.0,7
2026-01-12,SKU-1014,Snacks,253.0,0,1711.0,7
2026-01-13,SKU-1014,Snacks,240.0,0,1471.0,7
2026-01-14,SKU-1014,Snacks,392.0,0,1079.0,7
2026-01-15,SKU-1014,Snacks,373.0,2987,3693.0,7
2026-01-16,SKU-1014,Snacks,144.0,0,3549.0,7
2026-01-17,SKU-1014,Snacks,182.0,0,3367.0,7
2026-01-18,SKU-1014,Snacks,308.0,0,3059.0,7
2026-01-19,SKU-1014,Snacks,360.0,0,2699.0,7
2026-01-20,SKU-1014,Snacks,340.0,0,2359.0,7
2026-01-21,SKU-1014,Snacks,229.0,0,2130.0,7
2026-01-22,SKU-1014,Snacks,298.0,0,1832.0,7
2026-01-23,SKU-1014,Snacks,327.0,0,1505.0,7
2026-01-24,SKU-1014,Snacks,409.0,0,1096.0,7
2026-01-25,SKU-1014,Snacks,212.0,0,884.0,7
2026-01-26,SKU-1014,Snacks,184.0,0,700.0,7
2026-01-27,SKU-1014,Snacks,181.0,0,519.0,7
2026-01-28,SKU-1014,Snacks,412.0,0,107.0,7
2026-01-29,SKU-1014,Snacks,297.0,0,0.0,7
2026-01-30,SKU-1014,Snacks,194.0,0,0.0,7
2026-01-31,SKU-1014,Snacks,31.0,2653,2622.0,7
2026-02-01,SKU-1014,Snacks,191.0,0,2431.0,7
2026-02-02,SKU-1014,Snacks,286.0,0,2145.0,7
2026-02-03,SKU-1014,Snacks,300.0,0,1845.0,7
2026-02-04,SKU-1014,Snacks,316.0,0,,7
2026-02-05,SKU-1014,Snacks,199.0,0,1330.0,7
2026-02-06,SKU-1014,Snacks,193.0,0,1137.0,7
2026-02-07,SKU-1014,Snacks,239.0,2727,3625.0,7
2026-02-08,SKU-1014,Snacks,257.0,0,3368.0,7
2026-02-09,SKU-1014,Snacks,235.0,0,3133.0,7
2026-02-10,SKU-1014,Snacks,256.0,0,2877.0,7
2026-02-11,SKU-1014,Snacks,277.0,0,2600.0,7
2026-02-12,SKU-1014,Snacks,180.0,0,2420.0,7
2026-02-13,SKU-1014,Snacks,240.0,0,2180.0,7
2026-02-14,SKU-1014,Snacks,242.0,0,1938.0,7
2026-02-15,SKU-1014,Snacks,342.0,0,1596.0,7
2026-02-16,SKU-1014,Snacks,347.0,0,1249.0,7
2026-02-17,SKU-1014,Snacks,110.0,0,1139.0,7
2026-02-18,SKU-1014,Snacks,340.0,0,799.0,7
2026-02-19,SKU-1014,Snacks,354.0,2064,2509.0,7
2026-02-20,SKU-1014,Snacks,641.0,0,1868.0,7
2026-02-21,SKU-1014,Snacks,245.0,0,1623.0,7
2026-02-22,SKU-1014,Snacks,234.0,2674,4063.0,7
2026-02-23,SKU-1014,Snacks,167.0,0,3896.0,7
2026-02-24,SKU-1014,Snacks,241.0,0,3655.0,7
2026-02-25,SKU-1014,Snacks,294.0,0,3361.0,7
2026-02-26,SKU-1014,Snacks,305.0,0,3056.0,7
2026-02-27,SKU-1014,Snacks,339.0,0,2717.0,7
2026-02-28,SKU-1014,Snacks,209.0,0,2508.0,7
2026-03-01,SKU-1014,Snacks,247.0,0,2261.0,7
2026-03-02,SKU-1014,Snacks,220.0,0,2041.0,7
2026-03-03,SKU-1014,Snacks,273.0,0,1768.0,7
2026-03-04,SKU-1014,Snacks,263.0,0,1505.0,7
2026-03-05,SKU-1014,Snacks,304.0,2077,3278.0,7
2026-03-06,SKU-1014,Snacks,292.0,0,2986.0,7
2026-03-07,SKU-1014,Snacks,214.0,0,2772.0,7
2026-03-08,SKU-1014,Snacks,311.0,0,2461.0,7
2026-03-09,SKU-1014,Snacks,322.0,0,2139.0,7
2026-03-10,SKU-1014,Snacks,311.0,0,1828.0,7
2026-03-11,SKU-1014,Snacks,650.0,0,1178.0,7
2026-03-12,SKU-1014,Snacks,311.0,0,867.0,7
2026-03-13,SKU-1014,Snacks,224.0,0,643.0,7
2026-03-14,SKU-1014,Snacks,286.0,0,357.0,7
2026-03-15,SKU-1014,Snacks,422.0,0,0.0,7
2026-03-16,SKU-1014,Snacks,310.0,0,0.0,7
2026-03-17,SKU-1014,Snacks,329.0,0,0.0,7
2026-03-18,SKU-1014,Snacks,364.0,0,0.0,7
2026-03-19,SKU-1014,Snacks,155.0,2282,2127.0,7
2026-03-20,SKU-1014,Snacks,211.0,0,1916.0,7
2026-03-21,SKU-1014,Snacks,263.0,0,1653.0,7
2026-03-22,SKU-1014,Snacks,94.0,0,1559.0,7
2026-03-23,SKU-1014,Snacks,259.0,0,1300.0,7
2026-03-24,SKU-1014,Snacks,341.0,2546,3505.0,7
2026-03-25,SKU-1014,Snacks,238.0,0,3267.0,7
2026-03-26,SKU-1014,Snacks,330.0,0,2937.0,7
2026-03-27,SKU-1014,Snacks,286.0,0,2651.0,7
2026-03-28,SKU-1014,Snacks,201.0,0,2450.0,7
2026-03-29,SKU-1014,Snacks,317.0,0,2133.0,7
2026-03-30,SKU-1014,Snacks,331.0,0,1802.0,7
2026-03-31,SKU-1014,Snacks,414.0,0,1388.0,7
2026-04-01,SKU-1014,Snacks,,0,1120.0,7
2026-04-02,SKU-1014,Snacks,237.0,2515,3398.0,7
2026-04-03,SKU-1014,Snacks,177.0,0,3221.0,7
2026-04-04,SKU-1014,Snacks,261.0,0,2960.0,7
2026-04-05,SKU-1014,Snacks,268.0,0,2692.0,7
2026-04-06,SKU-1014,Snacks,157.0,0,2535.0,7
2026-04-07,SKU-1014,Snacks,325.0,0,2210.0,7
2026-04-08,SKU-1014,Snacks,382.0,0,1828.0,7
2026-04-09,SKU-1014,Snacks,211.0,0,1617.0,7
2026-04-10,SKU-1014,Snacks,234.0,0,1383.0,7
2026-04-11,SKU-1014,Snacks,213.0,0,1170.0,7
2026-04-12,SKU-1014,Snacks,306.0,0,864.0,7
2026-04-13,SKU-1014,Snacks,543.0,0,321.0,7
2026-04-14,SKU-1014,Snacks,315.0,0,6.0,7
2026-04-15,SKU-1014,Snacks,377.0,0,0.0,7
2026-04-16,SKU-1014,Snacks,291.0,0,0.0,7
2026-04-17,SKU-1014,Snacks,193.0,0,0.0,7
2026-04-18,SKU-1014,Snacks,239.0,2473,2234.0,7
2026-04-19,SKU-1014,Snacks,170.0,0,2064.0,7
2026-04-20,SKU-1014,Snacks,328.0,0,1736.0,7
2026-04-21,SKU-1014,Snacks,316.0,0,1420.0,7
2026-04-22,SKU-1014,Snacks,243.0,0,1177.0,7
2026-04-23,SKU-1014,Snacks,299.0,0,878.0,7
2026-04-24,SKU-1014,Snacks,234.0,0,644.0,7
2026-04-25,SKU-1014,Snacks,228.0,0,416.0,7
2026-04-26,SKU-1014,Snacks,212.0,0,204.0,7
2026-04-27,SKU-1014,Snacks,408.0,2572,2368.0,7
2026-04-28,SKU-1014,Snacks,328.0,0,2040.0,7
2026-04-29,SKU-1014,Snacks,321.0,0,1719.0,7
2026-04-30,SKU-1014,Snacks,273.0,0,1446.0,7
2026-05-01,SKU-1014,Snacks,268.0,2293,3471.0,7
2026-05-02,SKU-1014,Snacks,240.0,0,3231.0,7
2026-05-03,SKU-1014,Snacks,213.0,0,3018.0,7
2026-05-04,SKU-1014,Snacks,207.0,0,2811.0,7
2026-05-05,SKU-1014,Snacks,263.0,0,2548.0,7
2026-05-06,SKU-1014,Snacks,412.0,0,2136.0,7
2026-05-07,SKU-1014,Snacks,376.0,0,1760.0,7
2026-05-08,SKU-1014,Snacks,255.0,2870,4375.0,7
2026-05-09,SKU-1014,Snacks,242.0,0,4133.0,7
2026-05-10,SKU-1014,Snacks,241.0,0,3892.0,7
2026-05-11,SKU-1014,Snacks,207.0,0,3685.0,7
2026-05-12,SKU-1014,Snacks,258.0,0,3427.0,7
2026-05-13,SKU-1014,Snacks,372.0,0,3055.0,7
2026-05-14,SKU-1014,Snacks,455.0,0,2600.0,7
2026-05-15,SKU-1014,Snacks,254.0,0,2346.0,7
2026-05-16,SKU-1014,Snacks,181.0,0,2165.0,7
2026-05-17,SKU-1014,Snacks,222.0,0,1943.0,7
2026-05-18,SKU-1014,Snacks,279.0,0,1664.0,7
2026-05-19,SKU-1014,Snacks,264.0,0,1400.0,7
2026-05-20,SKU-1014,Snacks,444.0,0,956.0,7
2026-05-21,SKU-1014,Snacks,231.0,2618,3343.0,7
2026-05-22,SKU-1014,Snacks,353.0,0,2990.0,7
2026-05-23,SKU-1014,Snacks,115.0,0,2875.0,7
2026-05-24,SKU-1014,Snacks,234.0,0,2641.0,7
2026-05-25,SKU-1014,Snacks,,0,2077.0,7
2026-05-26,SKU-1014,Snacks,265.0,0,1812.0,7
2026-05-27,SKU-1014,Snacks,219.0,0,1593.0,7
2026-05-28,SKU-1014,Snacks,256.0,0,1337.0,7
2026-05-29,SKU-1014,Snacks,,2886,3963.0,7
2026-05-30,SKU-1014,Snacks,205.0,0,3758.0,7
2026-05-31,SKU-1014,Snacks,219.0,0,3539.0,7
2026-06-01,SKU-1014,Snacks,317.0,0,3222.0,7
2026-06-02,SKU-1014,Snacks,173.0,0,3049.0,7
2026-06-03,SKU-1014,Snacks,300.0,0,2749.0,7
2026-06-04,SKU-1014,Snacks,291.0,0,2458.0,7
2026-06-05,SKU-1014,Snacks,257.0,0,2201.0,7
2026-06-06,SKU-1014,Snacks,156.0,0,2045.0,7
2026-06-07,SKU-1014,Snacks,115.0,0,1930.0,7
2026-06-08,SKU-1014,Snacks,105.0,0,1825.0,7
2026-06-09,SKU-1014,Snacks,223.0,0,1602.0,7
2026-06-10,SKU-1014,Snacks,146.0,0,1456.0,7
2026-06-11,SKU-1014,Snacks,186.0,2008,3278.0,7
2026-06-12,SKU-1014,Snacks,,0,3113.0,7
2026-06-13,SKU-1014,Snacks,198.0,0,2915.0,7
2026-06-14,SKU-1014,Snacks,302.0,0,2613.0,7
2026-06-15,SKU-1014,Snacks,232.0,0,2381.0,7
2026-06-16,SKU-1014,Snacks,191.0,0,2190.0,7
2026-06-17,SKU-1014,Snacks,307.0,0,1883.0,7
2026-06-18,SKU-1014,Snacks,338.0,0,1545.0,7
2026-06-19,SKU-1014,Snacks,274.0,0,1271.0,7
2026-06-20,SKU-1014,Snacks,152.0,2232,,7
2026-06-21,SKU-1014,Snacks,219.0,0,3132.0,7
2026-06-22,SKU-1014,Snacks,219.0,0,2913.0,7
2026-06-23,SKU-1014,Snacks,407.0,0,2506.0,7
2026-06-24,SKU-1014,Snacks,360.0,0,2146.0,7
2026-06-25,SKU-1014,Snacks,157.0,0,1989.0,7
2026-06-26,SKU-1014,Snacks,335.0,0,1654.0,7
2026-06-27,SKU-1014,Snacks,125.0,0,1529.0,7
2026-06-28,SKU-1014,Snacks,164.0,0,1365.0,7
2026-06-29,SKU-1014,Snacks,245.0,0,1120.0,7
2026-01-01,SKU-1015,Pasta,355.0,0,1993.0,7
2026-01-02,SKU-1015,Pasta,285.0,0,1708.0,7
2026-01-03,SKU-1015,Pasta,293.0,0,1415.0,7
2026-01-04,SKU-1015,Pasta,272.0,0,1143.0,7
2026-01-05,SKU-1015,Pasta,352.0,0,791.0,7
2026-01-06,SKU-1015,Pasta,395.0,0,396.0,7
2026-01-07,SKU-1015,Pasta,413.0,0,0.0,7
2026-01-08,SKU-1015,Pasta,390.0,0,0.0,7
2026-01-09,SKU-1015,Pasta,282.0,0,0.0,7
2026-01-10,SKU-1015,Pasta,271.0,3314,3043.0,7
2026-01-11,SKU-1015,Pasta,245.0,0,2798.0,7
2026-01-12,SKU-1015,Pasta,329.0,0,2469.0,7
2026-01-13,SKU-1015,Pasta,467.0,0,2002.0,7
2026-01-14,SKU-1015,Pasta,356.0,2959,4605.0,7
2026-01-15,SKU-1015,Pasta,399.0,0,4206.0,7
2026-01-16,SKU-1015,Pasta,266.0,0,3940.0,7
2026-01-17,SKU-1015,Pasta,252.0,0,3688.0,7
2026-01-18,SKU-1015,Pasta,306.0,0,3382.0,7
2026-01-19,SKU-1015,Pasta,675.0,0,2707.0,7
2026-01-20,SKU-1015,Pasta,429.0,0,2278.0,7
2026-01-21,SKU-1015,Pasta,423.0,0,1855.0,7
2026-01-22,SKU-1015,Pasta,435.0,3348,4768.0,7
2026-01-23,SKU-1015,Pasta,297.0,0,4471.0,7
2026-01-24,SKU-1015,Pasta,271.0,0,4200.0,7
2026-01-25,SKU-1015,Pasta,254.0,0,3946.0,7
2026-01-26,SKU-1015,Pasta,314.0,0,3632.0,7
2026-01-27,SKU-1015,Pasta,405.0,0,3227.0,7
2026-01-28,SKU-1015,Pasta,422.0,0,2805.0,7
2026-01-29,SKU-1015,Pasta,398.0,0,2407.0,7
2026-01-30,SKU-1015,Pasta,783.0,0,1624.0,7
2026-01-31,SKU-1015,Pasta,283.0,0,1341.0,7
2026-02-01,SKU-1015,Pasta,243.0,0,1098.0,7
2026-02-02,SKU-1015,Pasta,321.0,3626,4403.0,7
2026-02-03,SKU-1015,Pasta,357.0,0,4046.0,7
2026-02-04,SKU-1015,Pasta,388.0,0,3658.0,7
2026-02-05,SKU-1015,Pasta,437.0,0,3221.0,7
2026-02-06,SKU-1015,Pasta,318.0,0,2903.0,7
2026-02-07,SKU-1015,Pasta,292.0,0,2611.0,7
2026-02-08,SKU-1015,Pasta,235.0,0,2376.0,7
2026-02-09,SKU-1015,Pasta,377.0,0,1999.0,7
2026-02-10,SKU-1015,Pasta,471.0,0,,7
2026-02-11,SKU-1015,Pasta,425.0,0,1103.0,7
2026-02-12,SKU-1015,Pasta,406.0,0,,7
2026-02-13,SKU-1015,Pasta,305.0,0,392.0,7
2026-02-14,SKU-1015,Pasta,244.0,0,148.0,7
2026-02-15,SKU-1015,Pasta,280.0,2754,2622.0,7
2026-02-16,SKU-1015,Pasta,139.0,0,2483.0,7
2026-02-17,SKU-1015,Pasta,,0,2064.0,7
2026-02-18,SKU-1015,Pasta,388.0,0,1676.0,7
2026-02-19,SKU-1015,Pasta,354.0,0,1322.0,7
2026-02-20,SKU-1015,Pasta,363.0,2506,3465.0,7
2026-02-21,SKU-1015,Pasta,273.0,0,3192.0,7
2026-02-22,SKU-1015,Pasta,296.0,0,2896.0,7
2026-02-23,SKU-1015,Pasta,375.0,0,2521.0,7
2026-02-24,SKU-1015,Pasta,435.0,0,2086.0,7
2026-02-25,SKU-1015,Pasta,431.0,3183,4838.0,7
2026-02-26,SKU-1015,Pasta,390.0,0,4448.0,7
2026-02-27,SKU-1015,Pasta,348.0,0,4100.0,7
2026-02-28,SKU-1015,Pasta,246.0,0,3854.0,7
2026-03-01,SKU-1015,Pasta,310.0,0,3544.0,7
2026-03-02,SKU-1015,Pasta,331.0,0,3213.0,7
2026-03-03,SKU-1015,Pasta,437.0,0,2776.0,7
2026-03-04,SKU-1015,Pasta,453.0,0,2323.0,7
2026-03-05,SKU-1015,Pasta,397.0,0,1926.0,7
2026-03-06,SKU-1015,Pasta,327.0,0,1599.0,7
2026-03-07,SKU-1015,Pasta,250.0,3592,4941.0,7
2026-03-08,SKU-1015,Pasta,290.0,0,4651.0,7
2026-03-09,SKU-1015,Pasta,355.0,0,4296.0,7
2026-03-10,SKU-1015,Pasta,453.0,0,3843.0,7
2026-03-11,SKU-1015,Pasta,439.0,0,3404.0,7
2026-03-12,SKU-1015,Pasta,425.0,0,2979.0,7
2026-03-13,SKU-1015,Pasta,323.0,0,2656.0,7
2026-03-14,SKU-1015,Pasta,294.0,0,2362.0,7
2026-03-15,SKU-1015,Pasta,255.0,0,2107.0,7
2026-03-16,SKU-1015,Pasta,299.0,2904,4712.0,7
2026-03-17,SKU-1015,Pasta,497.0,0,4215.0,7
2026-03-18,SKU-1015,Pasta,616.0,0,3599.0,7
2026-03-19,SKU-1015,Pasta,411.0,0,3188.0,7
2026-03-20,SKU-1015,Pasta,,0,2806.0,7
2026-03-21,SKU-1015,Pasta,302.0,0,2504.0,7
2026-03-22,SKU-1015,Pasta,253.0,0,2251.0,7
2026-03-23,SKU-1015,Pasta,,0,1906.0,7
2026-03-24,SKU-1015,Pasta,400.0,0,,7
2026-03-25,SKU-1015,Pasta,997.0,2835,3344.0,7
2026-03-26,SKU-1015,Pasta,400.0,0,2944.0,7
2026-03-27,SKU-1015,Pasta,306.0,0,2638.0,7
2026-03-28,SKU-1015,Pasta,261.0,0,2377.0,7
2026-03-29,SKU-1015,Pasta,285.0,0,2092.0,7
2026-03-30,SKU-1015,Pasta,310.0,0,1782.0,7
2026-03-31,SKU-1015,Pasta,426.0,0,1356.0,7
2026-04-01,SKU-1015,Pasta,458.0,0,898.0,7
2026-04-02,SKU-1015,Pasta,397.0,3556,4057.0,7
2026-04-03,SKU-1015,Pasta,505.0,0,3552.0,7
2026-04-04,SKU-1015,Pasta,286.0,0,3266.0,7
2026-04-05,SKU-1015,Pasta,311.0,0,2955.0,7
2026-04-06,SKU-1015,Pasta,322.0,0,2633.0,7
2026-04-07,SKU-1015,Pasta,360.0,0,2273.0,7
2026-04-08,SKU-1015,Pasta,404.0,0,1869.0,7
2026-04-09,SKU-1015,Pasta,417.0,0,1452.0,7
2026-04-10,SKU-1015,Pasta,335.0,3282,4399.0,7
2026-04-11,SKU-1015,Pasta,215.0,0,4184.0,7
2026-04-12,SKU-1015,Pasta,244.0,0,3940.0,7
2026-04-13,SKU-1015,Pasta,350.0,0,3590.0,7
2026-04-14,SKU-1015,Pasta,449.0,0,3141.0,7
2026-04-15,SKU-1015,Pasta,459.0,0,2682.0,7
2026-04-16,SKU-1015,Pasta,404.0,0,2278.0,7
2026-04-17,SKU-1015,Pasta,362.0,0,1916.0,7
2026-04-18,SKU-1015,Pasta,249.0,3331,4998.0,7
2026-04-19,SKU-1015,Pasta,276.0,0,4722.0,7
2026-04-20,SKU-1015,Pasta,397.0,0,4325.0,7
2026-04-21,SKU-1015,Pasta,408.0,0,3917.0,7
2026-04-22,SKU-1015,Pasta,402.0,0,3515.0,7
2026-04-23,SKU-1015,Pasta,408.0,0,3107.0,7
2026-04-24,SKU-1015,Pasta,300.0,0,2807.0,7
2026-04-25,SKU-1015,Pasta,266.0,0,2541.0,7
2026-04-26,SKU-1015,Pasta,284.0,0,2257.0,7
2026-04-27,SKU-1015,Pasta,359.0,0,1898.0,7
2026-04-28,SKU-1015,Pasta,393.0,2874,4379.0,7
2026-04-29,SKU-1015,Pasta,436.0,0,3943.0,7
2026-04-30,SKU-1015,Pasta,406.0,0,3537.0,7
2026-05-01,SKU-1015,Pasta,309.0,0,3228.0,7
2026-05-02,SKU-1015,Pasta,275.0,0,2953.0,7
2026-05-03,SKU-1015,Pasta,288.0,0,2665.0,7
2026-05-04,SKU-1015,Pasta,342.0,0,2323.0,7
2026-05-05,SKU-1015,Pasta,400.0,0,1923.0,7
2026-05-06,SKU-1015,Pasta,446.0,0,1477.0,7
2026-05-07,SKU-1015,Pasta,921.0,0,556.0,7
2026-05-08,SKU-1015,Pasta,299.0,0,257.0,7
2026-05-09,SKU-1015,Pasta,249.0,3052,3060.0,7
2026-05-10,SKU-1015,Pasta,309.0,0,2751.0,7
2026-05-11,SKU-1015,Pasta,326.0,0,2425.0,7
2026-05-12,SKU-1015,Pasta,446.0,0,1979.0,7
2026-05-13,SKU-1015,Pasta,1165.0,0,814.0,7
2026-05-14,SKU-1015,Pasta,387.0,0,427.0,7
2026-05-15,SKU-1015,Pasta,264.0,0,163.0,7
2026-05-16,SKU-1015,Pasta,269.0,3539,3433.0,7
2026-05-17,SKU-1015,Pasta,287.0,0,3146.0,7
2026-05-18,SKU-1015,Pasta,384.0,0,2762.0,7
2026-05-19,SKU-1015,Pasta,437.0,0,2325.0,7
2026-05-20,SKU-1015,Pasta,396.0,0,1929.0,7
2026-05-21,SKU-1015,Pasta,411.0,0,1518.0,7
2026-05-22,SKU-1015,Pasta,251.0,0,1267.0,7
2026-05-23,SKU-1015,Pasta,304.0,2754,3717.0,7
2026-05-24,SKU-1015,Pasta,291.0,0,,7
2026-05-25,SKU-1015,Pasta,366.0,0,3060.0,7
2026-05-26,SKU-1015,Pasta,,0,2669.0,7
2026-05-27,SKU-1015,Pasta,437.0,0,2232.0,7
2026-05-28,SKU-1015,Pasta,,0,1775.0,7
2026-05-29,SKU-1015,Pasta,317.0,0,1458.0,7
2026-05-30,SKU-1015,Pasta,282.0,2933,4109.0,7
2026-05-31,SKU-1015,Pasta,289.0,0,3820.0,7
2026-06-01,SKU-1015,Pasta,393.0,0,3427.0,7
2026-06-02,SKU-1015,Pasta,415.0,0,3012.0,7
2026-06-03,SKU-1015,Pasta,499.0,0,2513.0,7
2026-06-04,SKU-1015,Pasta,396.0,0,,7
2026-06-05,SKU-1015,Pasta,306.0,3264,5075.0,7
2026-06-06,SKU-1015,Pasta,299.0,0,4776.0,7
2026-06-07,SKU-1015,Pasta,280.0,0,4496.0,7
2026-06-08,SKU-1015,Pasta,403.0,0,4093.0,7
2026-06-09,SKU-1015,Pasta,410.0,0,3683.0,7
2026-06-10,SKU-1015,Pasta,457.0,0,3226.0,7
2026-06-11,SKU-1015,Pasta,372.0,0,2854.0,7
2026-06-12,SKU-1015,Pasta,261.0,0,2593.0,7
2026-06-13,SKU-1015,Pasta,298.0,0,2295.0,7
2026-06-14,SKU-1015,Pasta,305.0,0,1990.0,7
2026-06-15,SKU-1015,Pasta,326.0,0,1664.0,7
2026-06-16,SKU-1015,Pasta,353.0,0,1311.0,7
2026-06-17,SKU-1015,Pasta,444.0,0,867.0,7
2026-06-18,SKU-1015,Pasta,388.0,0,479.0,7
2026-06-19,SKU-1015,Pasta,354.0,2972,3097.0,7
2026-06-20,SKU-1015,Pasta,257.0,0,2840.0,7
2026-06-21,SKU-1015,Pasta,308.0,0,2532.0,7
2026-06-22,SKU-1015,Pasta,359.0,0,2173.0,7
2026-06-23,SKU-1015,Pasta,136.0,0,2037.0,7
2026-06-24,SKU-1015,Pasta,412.0,3157,4782.0,7
2026-06-25,SKU-1015,Pasta,410.0,0,4372.0,7
2026-06-26,SKU-1015,Pasta,319.0,0,4053.0,7
2026-06-27,SKU-1015,Pasta,447.0,0,3606.0,7
2026-06-28,SKU-1015,Pasta,,0,3302.0,7
2026-06-29,SKU-1015,Pasta,345.0,0,2957.0,7
2026-01-01,SKU-1016,Snacks,360.0,0,1377.0,14
2026-01-02,SKU-1016,Snacks,,3927,5059.0,14
2026-01-03,SKU-1016,Snacks,,0,4771.0,14
2026-01-04,SKU-1016,Snacks,258.0,0,4513.0,14
2026-01-05,SKU-1016,Snacks,330.0,0,4183.0,14
2026-01-06,SKU-1016,Snacks,363.0,0,3820.0,14
2026-01-07,SKU-1016,Snacks,374.0,4044,7490.0,14
2026-01-08,SKU-1016,Snacks,392.0,0,7098.0,14
2026-01-09,SKU-1016,Snacks,254.0,0,6844.0,14
2026-01-10,SKU-1016,Snacks,239.0,0,6605.0,14
2026-01-11,SKU-1016,Snacks,197.0,0,6408.0,14
2026-01-12,SKU-1016,Snacks,311.0,0,6097.0,14
2026-01-13,SKU-1016,Snacks,227.0,0,5870.0,14
2026-01-14,SKU-1016,Snacks,322.0,0,5548.0,14
2026-01-15,SKU-1016,Snacks,339.0,0,5209.0,14
2026-01-16,SKU-1016,Snacks,,0,4959.0,14
2026-01-17,SKU-1016,Snacks,224.0,0,4735.0,14
2026-01-18,SKU-1016,Snacks,222.0,0,4513.0,14
2026-01-19,SKU-1016,Snacks,255.0,0,4258.0,14
2026-01-20,SKU-1016,Snacks,365.0,0,3893.0,14
2026-01-21,SKU-1016,Snacks,427.0,0,3466.0,14
2026-01-22,SKU-1016,Snacks,245.0,0,3221.0,14
2026-01-23,SKU-1016,Snacks,323.0,0,2898.0,14
2026-01-24,SKU-1016,Snacks,230.0,0,2668.0,14
2026-01-25,SKU-1016,Snacks,155.0,0,2513.0,14
2026-01-26,SKU-1016,Snacks,237.0,0,2276.0,14
2026-01-27,SKU-1016,Snacks,345.0,0,1931.0,14
2026-01-28,SKU-1016,Snacks,322.0,0,1609.0,14
2026-01-29,SKU-1016,Snacks,272.0,5319,6656.0,14
2026-01-30,SKU-1016,Snacks,211.0,0,6445.0,14
2026-01-31,SKU-1016,Snacks,212.0,0,6233.0,14
2026-02-01,SKU-1016,Snacks,121.0,0,6112.0,14
2026-02-02,SKU-1016,Snacks,340.0,0,5772.0,14
2026-02-03,SKU-1016,Snacks,199.0,0,5573.0,14
2026-02-04,SKU-1016,Snacks,455.0,0,5118.0,14
2026-02-05,SKU-1016,Snacks,236.0,0,4882.0,14
2026-02-06,SKU-1016,Snacks,128.0,0,4754.0,14
2026-02-07,SKU-1016,Snacks,184.0,0,4570.0,14
2026-02-08,SKU-1016,Snacks,239.0,0,4331.0,14
2026-02-09,SKU-1016,Snacks,232.0,0,4099.0,14
2026-02-10,SKU-1016,Snacks,309.0,0,3790.0,14
2026-02-11,SKU-1016,Snacks,412.0,0,3378.0,14
2026-02-12,SKU-1016,Snacks,342.0,0,3036.0,14
2026-02-13,SKU-1016,Snacks,238.0,4331,7129.0,14
2026-02-14,SKU-1016,Snacks,232.0,0,6897.0,14
2026-02-15,SKU-1016,Snacks,233.0,0,6664.0,14
2026-02-16,SKU-1016,Snacks,196.0,0,6468.0,14
2026-02-17,SKU-1016,Snacks,217.0,0,6251.0,14
2026-02-18,SKU-1016,Snacks,329.0,0,5922.0,14
2026-02-19,SKU-1016,Snacks,317.0,0,,14
2026-02-20,SKU-1016,Snacks,209.0,0,5396.0,14
2026-02-21,SKU-1016,Snacks,287.0,0,5109.0,14
2026-02-22,SKU-1016,Snacks,133.0,0,4976.0,14
2026-02-23,SKU-1016,Snacks,327.0,0,4649.0,14
2026-02-24,SKU-1016,Snacks,330.0,0,4319.0,14
2026-02-25,SKU-1016,Snacks,235.0,0,4084.0,14
2026-02-26,SKU-1016,Snacks,229.0,4541,8396.0,14
2026-02-27,SKU-1016,Snacks,285.0,0,8111.0,14
2026-02-28,SKU-1016,Snacks,204.0,0,7907.0,14
2026-03-01,SKU-1016,Snacks,211.0,0,7696.0,14
2026-03-02,SKU-1016,Snacks,,0,7444.0,14
2026-03-03,SKU-1016,SNACKS,303.0,0,7141.0,14
2026-03-04,SKU-1016,Snacks,427.0,0,6714.0,14
2026-03-05,SKU-1016,Snacks,328.0,0,6386.0,14
2026-03-06,SKU-1016,Snacks,289.0,0,6097.0,14
2026-03-07,SKU-1016,Snacks,266.0,0,5831.0,14
2026-03-08,SKU-1016,Snacks,239.0,0,5592.0,14
2026-03-09,SKU-1016,Snacks,220.0,0,5372.0,14
2026-03-10,SKU-1016,Snacks,393.0,0,4979.0,14
2026-03-11,SKU-1016,Snacks,196.0,0,4783.0,14
2026-03-12,SKU-1016,Snacks,210.0,0,4573.0,14
2026-03-13,SKU-1016,Snacks,207.0,0,4366.0,14
2026-03-14,SKU-1016,Snacks,175.0,0,4191.0,14
2026-03-15,SKU-1016,Snacks,132.0,0,4059.0,14
2026-03-16,SKU-1016,Snacks,260.0,0,3799.0,14
2026-03-17,SKU-1016,Snacks,300.0,0,3499.0,14
2026-03-18,SKU-1016,Snacks,334.0,4586,7751.0,14
2026-03-19,SKU-1016,Snacks,350.0,0,7401.0,14
2026-03-20,SKU-1016,Snacks,134.0,0,7267.0,14
2026-03-21,SKU-1016,Snacks,180.0,0,7087.0,14
2026-03-22,SKU-1016,Snacks,229.0,0,6858.0,14
2026-03-23,SKU-1016,Snacks,210.0,0,6648.0,14
2026-03-24,SKU-1016,Snacks,404.0,0,6244.0,14
2026-03-25,SKU-1016,Snacks,330.0,0,5914.0,14
2026-03-26,SKU-1016,Snacks,266.0,0,5648.0,14
2026-03-27,SKU-1016,Snacks,209.0,0,5439.0,14
2026-03-28,SKU-1016,Snacks,143.0,0,5296.0,14
2026-03-29,SKU-1016,Snacks,296.0,0,5000.0,14
2026-03-30,SKU-1016,Snacks,239.0,0,4761.0,14
2026-03-31,SKU-1016,Snacks,303.0,0,4458.0,14
2026-04-01,SKU-1016,Snacks,270.0,0,4188.0,14
2026-04-02,SKU-1016,Snacks,222.0,4102,8068.0,14
2026-04-03,SKU-1016,Snacks,210.0,0,7858.0,14
2026-04-04,SKU-1016,Snacks,203.0,0,7655.0,14
2026-04-05,SKU-1016,Snacks,123.0,0,7532.0,14
2026-04-06,SKU-1016,Snacks,97.0,0,7435.0,14
2026-04-07,SKU-1016,Snacks,312.0,0,7123.0,14
2026-04-08,SKU-1016,Snacks,240.0,0,6883.0,14
2026-04-09,SKU-1016,Snacks,294.0,0,6589.0,14
2026-04-10,SKU-1016,Snacks,182.0,0,6407.0,14
2026-04-11,SKU-1016,Snacks,211.0,0,6196.0,14
2026-04-12,SKU-1016,Snacks,262.0,0,5934.0,14
2026-04-13,SKU-1016,Snacks,163.0,0,5771.0,14
2026-04-14,SKU-1016,Snacks,314.0,0,5457.0,14
2026-04-15,SKU-1016,Snacks,246.0,0,5211.0,14
2026-04-16,SKU-1016,Snacks,297.0,0,4914.0,14
2026-04-17,SKU-1016,Snacks,138.0,0,4776.0,14
2026-04-18,SKU-1016,Snacks,122.0,0,4654.0,14
2026-04-19,SKU-1016,Snacks,187.0,0,4467.0,14
2026-04-20,SKU-1016,Snacks,,0,4068.0,14
2026-04-21,SKU-1016,Snacks,261.0,0,3807.0,14
2026-04-22,SKU-1016,Snacks,314.0,0,3493.0,14
2026-04-23,SKU-1016,Snacks,225.0,0,3268.0,14
2026-04-24,SKU-1016,Snacks,283.0,0,2985.0,14
2026-04-25,SKU-1016,Snacks,175.0,0,2810.0,14
2026-04-26,SKU-1016,Snacks,260.0,4431,6981.0,14
2026-04-27,SKU-1016,Snacks,273.0,0,6708.0,14
2026-04-28,SKU-1016,Snacks,374.0,0,6334.0,14
2026-04-29,SKU-1016,Snacks,285.0,0,6049.0,14
2026-04-30,SKU-1016,Snacks,262.0,0,5787.0,14
2026-05-01,SKU-1016,Snacks,258.0,0,5529.0,14
2026-05-02,SKU-1016,Snacks,154.0,0,5375.0,14
2026-05-03,SKU-1016,Snacks,243.0,0,5132.0,14
2026-05-04,SKU-1016,Snacks,233.0,0,4899.0,14
2026-05-05,SKU-1016,Snacks,294.0,0,4605.0,14
2026-05-06,SKU-1016,Snacks,469.0,0,4136.0,14
2026-05-07,SKU-1016,Snacks,252.0,0,3884.0,14
2026-05-08,SKU-1016,Snacks,173.0,0,3711.0,14
2026-05-09,SKU-1016,Snacks,240.0,0,3471.0,14
2026-05-10,SKU-1016,Snacks,399.0,0,3072.0,14
2026-05-11,SKU-1016,Snacks,237.0,0,2835.0,14
2026-05-12,SKU-1016,Snacks,305.0,0,2530.0,14
2026-05-13,SKU-1016,Snacks,317.0,0,2213.0,14
2026-05-14,SKU-1016,Snacks,153.0,0,2060.0,14
2026-05-15,SKU-1016,Snacks,235.0,0,1825.0,14
2026-05-16,SKU-1016,Snacks,138.0,0,1687.0,14
2026-05-17,SKU-1016,Snacks,187.0,0,1500.0,14
2026-05-18,SKU-1016,Snacks,231.0,0,1269.0,14
2026-05-19,SKU-1016,Snacks,308.0,0,961.0,14
2026-05-20,SKU-1016,Snacks,265.0,4768,5464.0,14
2026-05-21,SKU-1016,Snacks,205.0,0,5259.0,14
2026-05-22,SKU-1016,Snacks,268.0,0,4991.0,14
2026-05-23,SKU-1016,Snacks,134.0,0,4857.0,14
2026-05-24,SKU-1016,Snacks,207.0,0,4650.0,14
2026-05-25,SKU-1016,Snacks,274.0,0,4376.0,14
2026-05-26,SKU-1016,Snacks,276.0,0,4100.0,14
2026-05-27,SKU-1016,Snacks,245.0,0,3855.0,14
2026-05-28,SKU-1016,Snacks,262.0,0,3593.0,14
2026-05-29,SKU-1016,Snacks,239.0,4274,7628.0,14
2026-05-30,SKU-1016,Snacks,99.0,0,7529.0,14
2026-05-31,SKU-1016,Snacks,240.0,0,7289.0,14
2026-06-01,SKU-1016,Snacks,250.0,0,7039.0,14
2026-06-02,SKU-1016,Snacks,303.0,0,6736.0,14
2026-06-03,SKU-1016,Snacks,408.0,0,6328.0,14
2026-06-04,SKU-1016,Snacks,346.0,0,5982.0,14
2026-06-05,SKU-1016,Snacks,231.0,0,5751.0,14
2026-06-06,SKU-1016,Snacks,226.0,0,5525.0,14
2026-06-07,SKU-1016,Snacks,178.0,0,5347.0,14
2026-06-08,SKU-1016,Snacks,229.0,0,5118.0,14
2026-06-09,SKU-1016,Snacks,360.0,0,4758.0,14
2026-06-10,SKU-1016,Snacks,323.0,0,4435.0,14
2026-06-11,SKU-1016,Snacks,260.0,0,4175.0,14
2026-06-12,SKU-1016,Snacks,268.0,5204,9111.0,14
2026-06-13,SKU-1016,Snacks,264.0,0,8847.0,14
2026-06-14,SKU-1016,Snacks,183.0,0,8664.0,14
2026-06-15,SKU-1016,Snacks,,0,8090.0,14
2026-06-16,SKU-1016,Snacks,222.0,0,7868.0,14
2026-06-17,SKU-1016,Snacks,343.0,0,7525.0,14
2026-06-18,SKU-1016,Snacks,278.0,0,7247.0,14
2026-06-19,SKU-1016,Snacks,163.0,0,7084.0,14
2026-06-20,SKU-1016,Snacks,199.0,0,6885.0,14
2026-06-21,SKU-1016,Snacks,178.0,0,6707.0,14
2026-06-22,SKU-1016,Snacks,215.0,0,6492.0,14
2026-06-23,SKU-1016,Snacks,394.0,0,6098.0,14
2026-06-24,SKU-1016,Snacks,286.0,0,5812.0,14
2026-06-25,SKU-1016,Snacks,336.0,0,5476.0,14
2026-06-26,SKU-1016,Snacks,185.0,0,5291.0,14
2026-06-27,SKU-1016,Snacks,229.0,0,5062.0,14
2026-06-28,SKU-1016,Snacks,224.0,0,4838.0,14
2026-06-29,SKU-1016,Snacks,218.0,0,4620.0,14
2026-01-01,SKU-1017,Beverages,274.0,0,1512.0,3
2026-01-02,SKU-1017,Beverages,312.0,0,1200.0,3
2026-01-03,SKU-1017,Beverages,258.0,0,942.0,3
2026-01-04,SKU-1017,Beverages,255.0,0,687.0,3
2026-01-05,SKU-1017,Beverages,168.0,0,519.0,3
2026-01-06,SKU-1017,Beverages,270.0,935,1184.0,3
2026-01-07,SKU-1017,Beverages,285.0,0,899.0,3
2026-01-08,SKU-1017,Beverages,278.0,0,621.0,3
2026-01-09,SKU-1017,Beverages,274.0,1136,1483.0,3
2026-01-10,SKU-1017,Beverages,243.0,0,1240.0,3
2026-01-11,SKU-1017,Beverages,267.0,0,973.0,3
2026-01-12,SKU-1017,Beverages,294.0,0,679.0,3
2026-01-13,SKU-1017,Beverages,274.0,918,1323.0,3
2026-01-14,SKU-1017,Beverages,274.0,0,1049.0,3
2026-01-15,SKU-1017,Beverages,259.0,0,790.0,3
2026-01-16,SKU-1017,Beverages,239.0,0,551.0,3
2026-01-17,SKU-1017,Beverages,216.0,0,335.0,3
2026-01-18,SKU-1017,Beverages,244.0,0,91.0,3
2026-01-19,SKU-1017,Beverages,265.0,0,0.0,3
2026-01-20,SKU-1017,Beverages,305.0,991,686.0,3
2026-01-21,SKU-1017,Beverages,287.0,0,399.0,3
2026-01-22,SKU-1017,Beverages,252.0,0,147.0,3
2026-01-23,SKU-1017,Beverages,228.0,1071,990.0,3
2026-01-24,SKU-1017,Beverages,303.0,0,687.0,3
2026-01-25,SKU-1017,Beverages,350.0,1091,1428.0,3
2026-01-26,SKU-1017,Beverages,263.0,0,1165.0,3
2026-01-27,SKU-1017,Beverages,256.0,0,909.0,3
2026-01-28,SKU-1017,Beverages,333.0,0,576.0,3
2026-01-29,SKU-1017,Beverages,350.0,0,226.0,3
2026-01-30,SKU-1017,Beverages,310.0,0,0.0,3
2026-01-31,SKU-1017,Beverages,353.0,1007,654.0,3
2026-02-01,SKU-1017,Beverages,265.0,953,1342.0,3
2026-02-02,SKU-1017,Beverages,331.0,0,1011.0,3
2026-02-03,SKU-1017,Beverages,301.0,0,710.0,3
2026-02-04,SKU-1017,Beverages,313.0,0,397.0,3
2026-02-05,SKU-1017,Beverages,248.0,803,952.0,3
2026-02-06,SKU-1017,Beverages,233.0,0,719.0,3
2026-02-07,SKU-1017,Beverages,221.0,0,498.0,3
2026-02-08,SKU-1017,Beverages,209.0,0,289.0,3
2026-02-09,SKU-1017,Beverages,319.0,0,0.0,3
2026-02-10,SKU-1017,Beverages,228.0,1189,961.0,3
2026-02-11,SKU-1017,Beverages,393.0,0,568.0,3
2026-02-12,SKU-1017,Beverages,277.0,0,291.0,3
2026-02-13,SKU-1017,Beverages,283.0,0,8.0,3
2026-02-14,SKU-1017,Beverages,261.0,1178,925.0,3
2026-02-15,SKU-1017,Beverages,233.0,0,692.0,3
2026-02-16,SKU-1017,Beverages,259.0,1095,1528.0,3
2026-02-17,SKU-1017,Beverages,276.0,0,1252.0,3
2026-02-18,SKU-1017,Beverages,275.0,0,977.0,3
2026-02-19,SKU-1017,Beverages,378.0,0,599.0,3
2026-02-20,SKU-1017,Beverages,265.0,0,334.0,3
2026-02-21,SKU-1017,Beverages,229.0,0,105.0,3
2026-02-22,SKU-1017,Beverages,94.0,0,11.0,3
2026-02-23,SKU-1017,Beverages,287.0,1153,877.0,3
2026-02-24,SKU-1017,Beverages,281.0,0,596.0,3
2026-02-25,SKU-1017,Beverages,358.0,0,238.0,3
2026-02-26,SKU-1017,Beverages,252.0,0,0.0,3
2026-02-27,SKU-1017,Beverages,276.0,1116,840.0,3
2026-02-28,SKU-1017,Beverages,254.0,0,586.0,3
2026-03-01,SKU-1017,Beverages,252.0,0,334.0,3
2026-03-02,SKU-1017,Beverages,270.0,0,64.0,3
2026-03-03,SKU-1017,Beverages,370.0,1080,774.0,3
2026-03-04,SKU-1017,Beverages,302.0,0,472.0,3
2026-03-05,SKU-1017,Beverages,279.0,844,1037.0,3
2026-03-06,SKU-1017,Beverages,186.0,0,851.0,3
2026-03-07,SKU-1017,Beverages,254.0,0,597.0,3
2026-03-08,SKU-1017,Beverages,326.0,0,271.0,3
2026-03-09,SKU-1017,Beverages,122.0,0,149.0,3
2026-03-10,SKU-1017,Beverages,341.0,1184,992.0,3
2026-03-11,SKU-1017,Beverages,296.0,0,696.0,3
2026-03-12,SKU-1017,Beverages,,859,1325.0,3
2026-03-13,SKU-1017,Beverages,265.0,0,1060.0,3
2026-03-14,SKU-1017,Beverages,242.0,0,818.0,3
2026-03-15,SKU-1017,Beverages,316.0,0,502.0,3
2026-03-16,SKU-1017,Beverages,312.0,0,190.0,3
2026-03-17,SKU-1017,Beverages,295.0,0,0.0,3
2026-03-18,SKU-1017,Beverages,326.0,0,0.0,3
2026-03-19,SKU-1017,Beverages,292.0,0,0.0,3
2026-03-20,SKU-1017,Beverages,236.0,0,0.0,3
2026-03-21,SKU-1017,Beverages,235.0,0,0.0,3
2026-03-22,SKU-1017,Beverages,254.0,1137,883.0,3
2026-03-23,SKU-1017,Beverages,263.0,0,620.0,3
2026-03-24,SKU-1017,Beverages,84.0,950,1486.0,3
2026-03-25,SKU-1017,Beverages,311.0,0,1175.0,3
2026-03-26,SKU-1017,Beverages,330.0,0,845.0,3
2026-03-27,SKU-1017,Beverages,253.0,0,592.0,3
2026-03-28,SKU-1017,Beverages,275.0,891,1208.0,3
2026-03-29,SKU-1017,Beverages,261.0,0,947.0,3
2026-03-30,SKU-1017,Beverages,288.0,0,659.0,3
2026-03-31,SKU-1017,Beverages,354.0,0,305.0,3
2026-04-01,SKU-1017,Beverages,352.0,823,776.0,3
2026-04-02,SKU-1017,Beverages,251.0,0,525.0,3
2026-04-03,SKU-1017,Beverages,252.0,0,273.0,3
2026-04-04,SKU-1017,Beverages,259.0,0,14.0,3
2026-04-05,SKU-1017,Beverages,280.0,1133,867.0,3
2026-04-06,SKU-1017,Beverages,365.0,0,502.0,3
2026-04-07,SKU-1017,Beverages,251.0,0,251.0,3
2026-04-08,SKU-1017,Beverages,391.0,0,0.0,3
2026-04-09,SKU-1017,Beverages,291.0,0,0.0,3
2026-04-10,SKU-1017,Beverages,299.0,0,0.0,3
2026-04-11,SKU-1017,Beverages,254.0,0,0.0,3
2026-04-12,SKU-1017,Beverages,325.0,0,0.0,3
2026-04-13,SKU-1017,Beverages,292.0,0,0.0,3
2026-04-14,SKU-1017,Beverages,359.0,0,0.0,3
2026-04-15,SKU-1017,Beverages,379.0,1098,719.0,3
2026-04-16,SKU-1017,Beverages,302.0,878,1295.0,3
2026-04-17,SKU-1017,Beverages,276.0,0,1019.0,3
2026-04-18,SKU-1017,Beverages,251.0,0,768.0,3
2026-04-19,SKU-1017,Beverages,236.0,0,532.0,3
2026-04-20,SKU-1017,Beverages,264.0,1142,1410.0,3
2026-04-21,SKU-1017,Beverages,366.0,0,1044.0,3
2026-04-22,SKU-1017,Beverages,394.0,0,650.0,3
2026-04-23,SKU-1017,Beverages,354.0,0,296.0,3
2026-04-24,SKU-1017,Beverages,267.0,0,29.0,3
2026-04-25,SKU-1017,Beverages,300.0,0,0.0,3
2026-04-26,SKU-1017,Beverages,252.0,0,0.0,3
2026-04-27,SKU-1017,BEVERAGES,274.0,0,0.0,3
2026-04-28,SKU-1017,Beverages,229.0,0,0.0,3
2026-04-29,SKU-1017,Beverages,315.0,840,525.0,3
2026-04-30,SKU-1017,Beverages,412.0,0,113.0,3
2026-05-01,SKU-1017,Beverages,253.0,0,0.0,3
2026-05-02,SKU-1017,Beverages,280.0,0,0.0,3
2026-05-03,SKU-1017,Beverages,439.0,0,0.0,3
2026-05-04,SKU-1017,Beverages,307.0,0,0.0,3
2026-05-05,SKU-1017,Beverages,399.0,944,545.0,3
2026-05-06,SKU-1017,Beverages,376.0,931,1100.0,3
2026-05-07,SKU-1017,Beverages,368.0,0,732.0,3
2026-05-08,SKU-1017,Beverages,305.0,0,427.0,3
2026-05-09,SKU-1017,Beverages,324.0,0,103.0,3
2026-05-10,SKU-1017,Beverages,327.0,0,0.0,3
2026-05-11,SKU-1017,Beverages,207.0,0,0.0,3
2026-05-12,SKU-1017,Beverages,397.0,0,0.0,3
2026-05-13,SKU-1017,Beverages,269.0,0,0.0,3
2026-05-14,SKU-1017,Beverages,347.0,911,564.0,3
2026-05-15,SKU-1017,Beverages,243.0,0,321.0,3
2026-05-16,SKU-1017,Beverages,150.0,0,171.0,3
2026-05-17,SKU-1017,Beverages,231.0,0,0.0,3
2026-05-18,SKU-1017,Beverages,278.0,0,0.0,3
2026-05-19,SKU-1017,Beverages,436.0,824,388.0,3
2026-05-20,SKU-1017,Beverages,339.0,0,49.0,3
2026-05-21,SKU-1017,Beverages,224.0,1039,864.0,3
2026-05-22,SKU-1017,Beverages,287.0,0,577.0,3
2026-05-23,SKU-1017,Beverages,271.0,0,306.0,3
2026-05-24,SKU-1017,Beverages,222.0,816,900.0,3
2026-05-25,SKU-1017,Beverages,363.0,0,537.0,3
2026-05-26,SKU-1017,Beverages,373.0,0,164.0,3
2026-05-27,SKU-1017,Beverages,415.0,0,0.0,3
2026-05-28,SKU-1017,Beverages,447.0,0,0.0,3
2026-05-29,SKU-1017,Beverages,280.0,1162,882.0,3
2026-05-30,SKU-1017,Beverages,274.0,0,608.0,3
2026-05-31,SKU-1017,Beverages,244.0,0,364.0,3
2026-06-01,SKU-1017,Beverages,370.0,0,0.0,3
2026-06-02,SKU-1017,Beverages,257.0,827,570.0,3
2026-06-03,SKU-1017,Beverages,,0,0.0,3
2026-06-04,SKU-1017,Beverages,248.0,0,0.0,3
2026-06-05,SKU-1017,Beverages,291.0,0,0.0,3
2026-06-06,SKU-1017,Beverages,208.0,995,787.0,3
2026-06-07,SKU-1017,Beverages,331.0,0,456.0,3
2026-06-08,SKU-1017,Beverages,352.0,0,104.0,3
2026-06-09,SKU-1017,Beverages,420.0,0,0.0,3
2026-06-10,SKU-1017,Beverages,348.0,0,0.0,3
2026-06-11,SKU-1017,Beverages,354.0,0,0.0,3
2026-06-12,SKU-1017,Beverages,322.0,0,0.0,3
2026-06-13,SKU-1017,Beverages,232.0,993,761.0,3
2026-06-14,SKU-1017,Beverages,270.0,0,491.0,3
2026-06-15,SKU-1017,Beverages,337.0,0,154.0,3
2026-06-16,SKU-1017,Beverages,326.0,1055,883.0,3
2026-06-17,SKU-1017,Beverages,373.0,0,510.0,3
2026-06-18,SKU-1017,Beverages,356.0,0,154.0,3
2026-06-19,SKU-1017,Beverages,214.0,0,0.0,3
2026-06-20,SKU-1017,Beverages,335.0,1125,790.0,3
2026-06-21,SKU-1017,Beverages,230.0,0,560.0,3
2026-06-22,SKU-1017,Beverages,243.0,0,317.0,3
2026-06-23,SKU-1017,Beverages,281.0,0,36.0,3
2026-06-24,SKU-1017,Beverages,341.0,0,0.0,3
2026-06-25,SKU-1017,Beverages,369.0,0,0.0,3
2026-06-26,SKU-1017,Beverages,332.0,0,0.0,3
2026-06-27,SKU-1017,Beverages,285.0,0,0.0,3
2026-06-28,SKU-1017,Beverages,347.0,1090,743.0,3
2026-06-29,SKU-1017,Beverages,243.0,1191,1691.0,3
2026-01-01,SKU-1018,Flour,217.0,4216,6988.0,14
2026-01-02,SKU-1018,Flour,305.0,0,6683.0,14
2026-01-03,SKU-1018,Flour,275.0,0,6408.0,14
2026-01-04,SKU-1018,Flour,358.0,0,6050.0,14
2026-01-05,SKU-1018,Flour,202.0,0,5848.0,14
2026-01-06,SKU-1018,Flour,473.0,0,5375.0,14
2026-01-07,SKU-1018,Flour,329.0,0,5046.0,14
2026-01-08,SKU-1018,Flour,318.0,0,4728.0,14
2026-01-09,SKU-1018,Flour,219.0,0,4509.0,14
2026-01-10,SKU-1018,FLOUR,207.0,0,4302.0,14
2026-01-11,SKU-1018,Flour,274.0,0,4028.0,14
2026-01-12,SKU-1018,Flour,231.0,0,3797.0,14
2026-01-13,SKU-1018,Flour,327.0,0,3470.0,14
2026-01-14,SKU-1018,Flour,446.0,5751,8775.0,14
2026-01-15,SKU-1018,Flour,396.0,0,8379.0,14
2026-01-16,SKU-1018,Flour,311.0,0,8068.0,14
2026-01-17,SKU-1018,Flour,236.0,0,7832.0,14
2026-01-18,SKU-1018,Flour,341.0,0,7491.0,14
2026-01-19,SKU-1018,Flour,167.0,0,7324.0,14
2026-01-20,SKU-1018,Flour,406.0,0,6918.0,14
2026-01-21,SKU-1018,Flour,473.0,0,6445.0,14
2026-01-22,SKU-1018,Flour,227.0,0,6218.0,14
2026-01-23,SKU-1018,Flour,292.0,0,5926.0,14
2026-01-24,SKU-1018,Flour,307.0,0,5619.0,14
2026-01-25,SKU-1018,Flour,296.0,0,5323.0,14
2026-01-26,SKU-1018,Flour,310.0,0,5013.0,14
2026-01-27,SKU-1018,Flour,272.0,0,4741.0,14
2026-01-28,SKU-1018,Flour,421.0,0,4320.0,14
2026-01-29,SKU-1018,Flour,307.0,0,4013.0,14
2026-01-30,SKU-1018,Flour,193.0,0,3820.0,14
2026-01-31,SKU-1018,Flour,203.0,0,3617.0,14
2026-02-01,SKU-1018,Flour,205.0,0,3412.0,14
2026-02-02,SKU-1018,Flour,345.0,0,3067.0,14
2026-02-03,SKU-1018,Flour,353.0,0,2714.0,14
2026-02-04,SKU-1018,Flour,294.0,0,2420.0,14
2026-02-05,SKU-1018,Flour,246.0,5345,7519.0,14
2026-02-06,SKU-1018,Flour,292.0,0,7227.0,14
2026-02-07,SKU-1018,Flour,285.0,0,6942.0,14
2026-02-08,SKU-1018,Flour,225.0,0,6717.0,14
2026-02-09,SKU-1018,Flour,352.0,0,6365.0,14
2026-02-10,SKU-1018,Flour,267.0,0,6098.0,14
2026-02-11,SKU-1018,Flour,348.0,0,5750.0,14
2026-02-12,SKU-1018,Flour,273.0,0,5477.0,14
2026-02-13,SKU-1018,Flour,326.0,0,5151.0,14
2026-02-14,SKU-1018,Flour,279.0,0,4872.0,14
2026-02-15,SKU-1018,Flour,313.0,0,4559.0,14
2026-02-16,SKU-1018,Flour,330.0,0,4229.0,14
2026-02-17,SKU-1018,Flour,464.0,0,3765.0,14
2026-02-18,SKU-1018,Flour,289.0,0,3476.0,14
2026-02-19,SKU-1018,Flour,300.0,0,3176.0,14
2026-02-20,SKU-1018,Flour,284.0,0,2892.0,14
2026-02-21,SKU-1018,Flour,216.0,0,2676.0,14
2026-02-22,SKU-1018,Flour,267.0,0,2409.0,14
2026-02-23,SKU-1018,Flour,251.0,0,2158.0,14
2026-02-24,SKU-1018,Flour,493.0,0,1665.0,14
2026-02-25,SKU-1018,Flour,270.0,0,1395.0,14
2026-02-26,SKU-1018,Flour,281.0,0,1114.0,14
2026-02-27,SKU-1018,Flour,295.0,0,819.0,14
2026-02-28,SKU-1018,Flour,260.0,0,559.0,14
2026-03-01,SKU-1018,Flour,317.0,0,242.0,14
2026-03-02,SKU-1018,Flour,435.0,0,0.0,14
2026-03-03,SKU-1018,Flour,297.0,4561,4264.0,14
2026-03-04,SKU-1018,Flour,363.0,0,3901.0,14
2026-03-05,SKU-1018,Flour,294.0,0,3607.0,14
2026-03-06,SKU-1018,Flour,232.0,0,3375.0,14
2026-03-07,SKU-1018,Flour,221.0,0,3154.0,14
2026-03-08,SKU-1018,Flour,219.0,0,2935.0,14
2026-03-09,SKU-1018,Flour,300.0,0,2635.0,14
2026-03-10,SKU-1018,Flour,223.0,0,2412.0,14
2026-03-11,SKU-1018,Flour,341.0,0,2071.0,14
2026-03-12,SKU-1018,Flour,309.0,0,1762.0,14
2026-03-13,SKU-1018,Flour,205.0,0,1557.0,14
2026-03-14,SKU-1018,Flour,209.0,4483,5831.0,14
2026-03-15,SKU-1018,Flour,277.0,0,5554.0,14
2026-03-16,SKU-1018,Flour,251.0,0,5303.0,14
2026-03-17,SKU-1018,Flour,240.0,0,5063.0,14
2026-03-18,SKU-1018,Flour,275.0,0,4788.0,14
2026-03-19,SKU-1018,Flour,358.0,0,4430.0,14
2026-03-20,SKU-1018,Flour,238.0,0,4192.0,14
2026-03-21,SKU-1018,Flour,224.0,0,3968.0,14
2026-03-22,SKU-1018,Flour,282.0,0,3686.0,14
2026-03-23,SKU-1018,Flour,256.0,0,3430.0,14
2026-03-24,SKU-1018,Flour,219.0,6143,9354.0,14
2026-03-25,SKU-1018,Flour,280.0,0,9074.0,14
2026-03-26,SKU-1018,Flour,259.0,0,8815.0,14
2026-03-27,SKU-1018,Flour,272.0,0,8543.0,14
2026-03-28,SKU-1018,Flour,243.0,0,8300.0,14
2026-03-29,SKU-1018,Flour,227.0,0,8073.0,14
2026-03-30,SKU-1018,Flour,260.0,0,7813.0,14
2026-03-31,SKU-1018,Flour,242.0,0,7571.0,14
2026-04-01,SKU-1018,Flour,443.0,0,7128.0,14
2026-04-02,SKU-1018,Flour,518.0,0,6610.0,14
2026-04-03,SKU-1018,Flour,233.0,0,6377.0,14
2026-04-04,SKU-1018,Flour,,0,6073.0,14
2026-04-05,SKU-1018,Flour,274.0,0,5799.0,14
2026-04-06,SKU-1018,Flour,313.0,0,5486.0,14
2026-04-07,SKU-1018,Flour,403.0,0,5083.0,14
2026-04-08,SKU-1018,Flour,416.0,0,4667.0,14
2026-04-09,SKU-1018,Flour,170.0,0,4497.0,14
2026-04-10,SKU-1018,Flour,345.0,0,4152.0,14
2026-04-11,SKU-1018,Flour,258.0,0,3894.0,14
2026-04-12,SKU-1018,Flour,232.0,0,3662.0,14
2026-04-13,SKU-1018,Flour,257.0,0,3405.0,14
2026-04-14,SKU-1018,Flour,289.0,5536,8652.0,14
2026-04-15,SKU-1018,Flour,437.0,0,8215.0,14
2026-04-16,SKU-1018,Flour,253.0,0,7962.0,14
2026-04-17,SKU-1018,Flour,255.0,0,7707.0,14
2026-04-18,SKU-1018,Flour,360.0,0,7347.0,14
2026-04-19,SKU-1018,Flour,183.0,0,7164.0,14
2026-04-20,SKU-1018,Flour,250.0,0,6914.0,14
2026-04-21,SKU-1018,Flour,343.0,0,6571.0,14
2026-04-22,SKU-1018,Flour,258.0,0,6313.0,14
2026-04-23,SKU-1018,Flour,257.0,0,6056.0,14
2026-04-24,SKU-1018,Flour,278.0,0,5778.0,14
2026-04-25,SKU-1018,Flour,238.0,0,5540.0,14
2026-04-26,SKU-1018,Flour,255.0,0,5285.0,14
2026-04-27,SKU-1018,Flour,329.0,0,4956.0,14
2026-04-28,SKU-1018,Flour,294.0,0,4662.0,14
2026-04-29,SKU-1018,Flour,276.0,0,4386.0,14
2026-04-30,SKU-1018,Flour,319.0,0,4067.0,14
2026-05-01,SKU-1018,Flour,190.0,0,3877.0,14
2026-05-02,SKU-1018,Flour,253.0,0,3624.0,14
2026-05-03,SKU-1018,Flour,268.0,0,3356.0,14
2026-05-04,SKU-1018,Flour,270.0,0,3086.0,14
2026-05-05,SKU-1018,Flour,279.0,4943,7750.0,14
2026-05-06,SKU-1018,Flour,535.0,0,7215.0,14
2026-05-07,SKU-1018,Flour,266.0,0,6949.0,14
2026-05-08,SKU-1018,Flour,246.0,0,6703.0,14
2026-05-09,SKU-1018,Flour,216.0,0,6487.0,14
2026-05-10,SKU-1018,Flour,265.0,0,6222.0,14
2026-05-11,SKU-1018,Flour,269.0,0,5953.0,14
2026-05-12,SKU-1018,Flour,398.0,0,5555.0,14
2026-05-13,SKU-1018,Flour,499.0,0,5056.0,14
2026-05-14,SKU-1018,Flour,383.0,0,4673.0,14
2026-05-15,SKU-1018,Flour,321.0,0,4352.0,14
2026-05-16,SKU-1018,Flour,238.0,0,4114.0,14
2026-05-17,SKU-1018,Flour,254.0,0,3860.0,14
2026-05-18,SKU-1018,Flour,,0,3591.0,14
2026-05-19,SKU-1018,Flour,313.0,0,3278.0,14
2026-05-20,SKU-1018,Flour,447.0,0,2831.0,14
2026-05-21,SKU-1018,Flour,325.0,6109,8615.0,14
2026-05-22,SKU-1018,Flour,246.0,0,8369.0,14
2026-05-23,SKU-1018,Flour,180.0,0,8189.0,14
2026-05-24,SKU-1018,Flour,303.0,0,7886.0,14
2026-05-25,SKU-1018,Flour,318.0,0,7568.0,14
2026-05-26,SKU-1018,Flour,288.0,0,7280.0,14
2026-05-27,SKU-1018,Flour,414.0,0,6866.0,14
2026-05-28,SKU-1018,Flour,357.0,0,6509.0,14
2026-05-29,SKU-1018,Flour,297.0,0,6212.0,14
2026-05-30,SKU-1018,Flour,150.0,0,6062.0,14
2026-05-31,SKU-1018,Flour,203.0,0,5859.0,14
2026-06-01,SKU-1018,Flour,204.0,0,5655.0,14
2026-06-02,SKU-1018,Flour,376.0,0,5279.0,14
2026-06-03,SKU-1018,Flour,368.0,0,4911.0,14
2026-06-04,SKU-1018,Flour,341.0,0,4570.0,14
2026-06-05,SKU-1018,Flour,350.0,0,4220.0,14
2026-06-06,SKU-1018,Flour,210.0,0,4010.0,14
2026-06-07,SKU-1018,Flour,155.0,0,3855.0,14
2026-06-08,SKU-1018,Flour,149.0,0,3706.0,14
2026-06-09,SKU-1018,Flour,423.0,0,3283.0,14
2026-06-10,SKU-1018,Flour,342.0,0,2941.0,14
2026-06-11,SKU-1018,Flour,,0,2702.0,14
2026-06-12,SKU-1018,Flour,277.0,0,2425.0,14
2026-06-13,SKU-1018,Flour,192.0,0,2233.0,14
2026-06-14,SKU-1018,Flour,299.0,0,1934.0,14
2026-06-15,SKU-1018,Flour,270.0,0,1664.0,14
2026-06-16,SKU-1018,Flour,394.0,0,1270.0,14
2026-06-17,SKU-1018,Flour,335.0,0,935.0,14
2026-06-18,SKU-1018,Flour,458.0,0,477.0,14
2026-06-19,SKU-1018,Flour,225.0,0,252.0,14
2026-06-20,SKU-1018,Flour,254.0,5997,5995.0,14
2026-06-21,SKU-1018,Flour,299.0,0,5696.0,14
2026-06-22,SKU-1018,Flour,340.0,0,5356.0,14
2026-06-23,SKU-1018,Flour,268.0,0,5088.0,14
2026-06-24,SKU-1018,Flour,361.0,0,4727.0,14
2026-06-25,SKU-1018,Flour,343.0,0,4384.0,14
2026-06-26,SKU-1018,Flour,285.0,0,4099.0,14
2026-06-27,SKU-1018,Flour,218.0,0,3881.0,14
2026-06-28,SKU-1018,Flour,192.0,0,3689.0,14
2026-06-29,SKU-1018,Flour,213.0,0,3476.0,14
2026-01-01,SKU-1019,Snacks,562.0,10148,11465.0,14
2026-01-02,SKU-1019,Snacks,434.0,0,11031.0,14
2026-01-03,SKU-1019,Snacks,402.0,0,10629.0,14
2026-01-04,SKU-1019,Snacks,362.0,0,10267.0,14
2026-01-05,SKU-1019,Snacks,,0,9881.0,14
2026-01-06,SKU-1019,Snacks,,0,9361.0,14
2026-01-07,SKU-1019,Snacks,546.0,0,8815.0,14
2026-01-08,SKU-1019,Snacks,540.0,0,8275.0,14
2026-01-09,SKU-1019,Snacks,445.0,0,7830.0,14
2026-01-10,SKU-1019,Snacks,393.0,9917,17354.0,14
2026-01-11,SKU-1019,Snacks,417.0,0,16937.0,14
2026-01-12,SKU-1019,Snacks,564.0,0,16373.0,14
2026-01-13,SKU-1019,Snacks,392.0,0,15981.0,14
2026-01-14,SKU-1019,Snacks,640.0,0,15341.0,14
2026-01-15,SKU-1019,Snacks,569.0,0,14772.0,14
2026-01-16,SKU-1019,Snacks,426.0,0,14346.0,14
2026-01-17,SKU-1019,Snacks,540.0,0,13806.0,14
2026-01-18,SKU-1019,Snacks,427.0,0,13379.0,14
2026-01-19,SKU-1019,Snacks,492.0,0,12887.0,14
2026-01-20,SKU-1019,Snacks,518.0,0,12369.0,14
2026-01-21,SKU-1019,Snacks,633.0,0,11736.0,14
2026-01-22,SKU-1019,Snacks,424.0,0,11312.0,14
2026-01-23,SKU-1019,Snacks,477.0,0,10835.0,14
2026-01-24,SKU-1019,Snacks,513.0,0,10322.0,14
2026-01-25,SKU-1019,Snacks,552.0,0,9770.0,14
2026-01-26,SKU-1019,Snacks,324.0,0,9446.0,14
2026-01-27,SKU-1019,Snacks,681.0,0,8765.0,14
2026-01-28,SKU-1019,Snacks,519.0,0,8246.0,14
2026-01-29,SKU-1019,Snacks,547.0,8236,15935.0,14
2026-01-30,SKU-1019,Snacks,496.0,0,15439.0,14
2026-01-31,SKU-1019,Snacks,395.0,0,15044.0,14
2026-02-01,SKU-1019,Snacks,535.0,0,14509.0,14
2026-02-02,SKU-1019,Snacks,346.0,0,,14
2026-02-03,SKU-1019,Snacks,590.0,0,13573.0,14
2026-02-04,SKU-1019,Snacks,604.0,0,12969.0,14
2026-02-05,SKU-1019,Snacks,397.0,0,12572.0,14
2026-02-06,SKU-1019,Snacks,613.0,0,11959.0,14
2026-02-07,SKU-1019,Snacks,617.0,0,11342.0,14
2026-02-08,SKU-1019,Snacks,390.0,0,10952.0,14
2026-02-09,SKU-1019,Snacks,367.0,0,10585.0,14
2026-02-10,SKU-1019,Snacks,670.0,0,9915.0,14
2026-02-11,SKU-1019,Snacks,375.0,0,9540.0,14
2026-02-12,SKU-1019,Snacks,355.0,0,9185.0,14
2026-02-13,SKU-1019,Snacks,360.0,0,8825.0,14
2026-02-14,SKU-1019,Snacks,550.0,0,8275.0,14
2026-02-15,SKU-1019,Snacks,430.0,0,7845.0,14
2026-02-16,SKU-1019,Snacks,621.0,0,7224.0,14
2026-02-17,SKU-1019,Snacks,375.0,9201,16050.0,14
2026-02-18,SKU-1019,Snacks,646.0,0,15404.0,14
2026-02-19,SKU-1019,Snacks,506.0,0,14898.0,14
2026-02-20,SKU-1019,Snacks,562.0,0,14336.0,14
2026-02-21,SKU-1019,Snacks,171.0,0,14165.0,14
2026-02-22,SKU-1019,Snacks,513.0,0,13652.0,14
2026-02-23,SKU-1019,Snacks,358.0,0,13294.0,14
2026-02-24,SKU-1019,Snacks,627.0,0,12667.0,14
2026-02-25,SKU-1019,Snacks,514.0,0,12153.0,14
2026-02-26,SKU-1019,Snacks,706.0,0,11447.0,14
2026-02-27,SKU-1019,Snacks,783.0,0,10664.0,14
2026-02-28,SKU-1019,Snacks,390.0,0,10274.0,14
2026-03-01,SKU-1019,Snacks,299.0,0,9975.0,14
2026-03-02,SKU-1019,Snacks,630.0,0,9345.0,14
2026-03-03,SKU-1019,Snacks,560.0,0,8785.0,14
2026-03-04,SKU-1019,Snacks,450.0,0,8335.0,14
2026-03-05,SKU-1019,Snacks,519.0,8829,16645.0,14
2026-03-06,SKU-1019,Snacks,493.0,0,16152.0,14
2026-03-07,SKU-1019,Snacks,481.0,0,15671.0,14
2026-03-08,SKU-1019,Snacks,378.0,0,15293.0,14
2026-03-09,SKU-1019,Snacks,559.0,0,14734.0,14
2026-03-10,SKU-1019,Snacks,744.0,0,13990.0,14
2026-03-11,SKU-1019,Snacks,571.0,0,13419.0,14
2026-03-12,SKU-1019,Snacks,523.0,0,12896.0,14
2026-03-13,SKU-1019,Snacks,652.0,0,12244.0,14
2026-03-14,SKU-1019,Snacks,,0,11724.0,14
2026-03-15,SKU-1019,Snacks,498.0,0,11226.0,14
2026-03-16,SKU-1019,Snacks,668.0,0,10558.0,14
2026-03-17,SKU-1019,Snacks,715.0,0,9843.0,14
2026-03-18,SKU-1019,Snacks,587.0,0,9256.0,14
2026-03-19,SKU-1019,Snacks,426.0,0,8830.0,14
2026-03-20,SKU-1019,Snacks,476.0,0,8354.0,14
2026-03-21,SKU-1019,Snacks,429.0,0,7925.0,14
2026-03-22,SKU-1019,Snacks,375.0,0,7550.0,14
2026-03-23,SKU-1019,Snacks,633.0,9206,16123.0,14
2026-03-24,SKU-1019,Snacks,576.0,0,15547.0,14
2026-03-25,SKU-1019,Snacks,753.0,0,14794.0,14
2026-03-26,SKU-1019,Snacks,454.0,0,14340.0,14
2026-03-27,SKU-1019,Snacks,428.0,0,13912.0,14
2026-03-28,SKU-1019,Snacks,486.0,0,13426.0,14
2026-03-29,SKU-1019,Snacks,598.0,0,12828.0,14
2026-03-30,SKU-1019,Snacks,614.0,0,12214.0,14
2026-03-31,SKU-1019,Snacks,587.0,0,11627.0,14
2026-04-01,SKU-1019,Snacks,694.0,0,10933.0,14
2026-04-02,SKU-1019,Snacks,502.0,0,10431.0,14
2026-04-03,SKU-1019,Snacks,208.0,0,10223.0,14
2026-04-04,SKU-1019,Snacks,538.0,0,9685.0,14
2026-04-05,SKU-1019,Snacks,511.0,0,9174.0,14
2026-04-06,SKU-1019,Snacks,691.0,0,8483.0,14
2026-04-07,SKU-1019,Snacks,644.0,0,7839.0,14
2026-04-08,SKU-1019,Snacks,376.0,0,7463.0,14
2026-04-09,SKU-1019,Snacks,686.0,0,6777.0,14
2026-04-10,SKU-1019,Snacks,639.0,0,6138.0,14
2026-04-11,SKU-1019,Snacks,609.0,0,5529.0,14
2026-04-12,SKU-1019,Snacks,514.0,0,5015.0,14
2026-04-13,SKU-1019,Snacks,786.0,0,4229.0,14
2026-04-14,SKU-1019,Snacks,440.0,0,3789.0,14
2026-04-15,SKU-1019,Snacks,700.0,0,3089.0,14
2026-04-16,SKU-1019,Snacks,688.0,0,2401.0,14
2026-04-17,SKU-1019,Snacks,406.0,0,1995.0,14
2026-04-18,SKU-1019,Snacks,388.0,7655,9262.0,14
2026-04-19,SKU-1019,Snacks,547.0,0,8715.0,14
2026-04-20,SKU-1019,Snacks,742.0,8291,16264.0,14
2026-04-21,SKU-1019,Snacks,391.0,0,15873.0,14
2026-04-22,SKU-1019,Snacks,615.0,0,15258.0,14
2026-04-23,SKU-1019,Snacks,656.0,0,14602.0,14
2026-04-24,SKU-1019,Snacks,651.0,0,13951.0,14
2026-04-25,SKU-1019,Snacks,696.0,0,13255.0,14
2026-04-26,SKU-1019,Snacks,483.0,0,12772.0,14
2026-04-27,SKU-1019,Snacks,630.0,0,12142.0,14
2026-04-28,SKU-1019,Snacks,426.0,0,11716.0,14
2026-04-29,SKU-1019,Snacks,492.0,0,11224.0,14
2026-04-30,SKU-1019,Snacks,521.0,0,10703.0,14
2026-05-01,SKU-1019,Snacks,372.0,0,10331.0,14
2026-05-02,SKU-1019,Snacks,345.0,0,9986.0,14
2026-05-03,SKU-1019,Snacks,,0,9436.0,14
2026-05-04,SKU-1019,Snacks,496.0,0,8940.0,14
2026-05-05,SKU-1019,Snacks,590.0,0,8350.0,14
2026-05-06,SKU-1019,Snacks,595.0,0,7755.0,14
2026-05-07,SKU-1019,Snacks,733.0,0,7022.0,14
2026-05-08,SKU-1019,Snacks,634.0,0,6388.0,14
2026-05-09,SKU-1019,Snacks,391.0,0,5997.0,14
2026-05-10,SKU-1019,Snacks,578.0,0,5419.0,14
2026-05-11,SKU-1019,Snacks,442.0,7505,12482.0,14
2026-05-12,SKU-1019,Snacks,758.0,0,11724.0,14
2026-05-13,SKU-1019,Snacks,782.0,0,10942.0,14
2026-05-14,SKU-1019,Snacks,711.0,0,10231.0,14
2026-05-15,SKU-1019,Snacks,527.0,0,9704.0,14
2026-05-16,SKU-1019,Snacks,502.0,0,9202.0,14
2026-05-17,SKU-1019,Snacks,475.0,0,8727.0,14
2026-05-18,SKU-1019,Snacks,670.0,0,8057.0,14
2026-05-19,SKU-1019,Snacks,716.0,0,7341.0,14
2026-05-20,SKU-1019,Snacks,679.0,9388,16050.0,14
2026-05-21,SKU-1019,Snacks,657.0,0,15393.0,14
2026-05-22,SKU-1019,Snacks,562.0,0,14831.0,14
2026-05-23,SKU-1019,Snacks,483.0,0,14348.0,14
2026-05-24,SKU-1019,Snacks,467.0,0,13881.0,14
2026-05-25,SKU-1019,Snacks,486.0,0,13395.0,14
2026-05-26,SKU-1019,Snacks,530.0,0,12865.0,14
2026-05-27,SKU-1019,Snacks,757.0,0,12108.0,14
2026-05-28,SKU-1019,Snacks,454.0,0,11654.0,14
2026-05-29,SKU-1019,Snacks,707.0,0,10947.0,14
2026-05-30,SKU-1019,Snacks,381.0,0,10566.0,14
2026-05-31,SKU-1019,Snacks,398.0,0,10168.0,14
2026-06-01,SKU-1019,Snacks,385.0,0,9783.0,14
2026-06-02,SKU-1019,Snacks,669.0,0,9114.0,14
2026-06-03,SKU-1019,Snacks,565.0,0,8549.0,14
2026-06-04,SKU-1019,Snacks,496.0,0,8053.0,14
2026-06-05,SKU-1019,Snacks,557.0,8017,15513.0,14
2026-06-06,SKU-1019,Snacks,465.0,0,15048.0,14
2026-06-07,SKU-1019,Snacks,577.0,0,14471.0,14
2026-06-08,SKU-1019,Snacks,426.0,0,14045.0,14
2026-06-09,SKU-1019,Snacks,552.0,0,13493.0,14
2026-06-10,SKU-1019,Snacks,687.0,0,12806.0,14
2026-06-11,SKU-1019,Snacks,653.0,0,12153.0,14
2026-06-12,SKU-1019,Snacks,695.0,0,11458.0,14
2026-06-13,SKU-1019,Snacks,307.0,0,11151.0,14
2026-06-14,SKU-1019,Snacks,682.0,0,10469.0,14
2026-06-15,SKU-1019,Snacks,648.0,0,9821.0,14
2026-06-16,SKU-1019,Snacks,582.0,0,9239.0,14
2026-06-17,SKU-1019,Snacks,278.0,0,8961.0,14
2026-06-18,SKU-1019,Snacks,851.0,0,8110.0,14
2026-06-19,SKU-1019,Snacks,545.0,0,7565.0,14
2026-06-20,SKU-1019,Snacks,707.0,0,6858.0,14
2026-06-21,SKU-1019,Snacks,,6998,13164.0,14
2026-06-22,SKU-1019,Snacks,592.0,0,12572.0,14
2026-06-23,SKU-1019,Snacks,464.0,0,12108.0,14
2026-06-24,SKU-1019,Snacks,720.0,0,11388.0,14
2026-06-25,SKU-1019,Snacks,763.0,0,10625.0,14
2026-06-26,SKU-1019,Snacks,748.0,0,9877.0,14
2026-06-27,SKU-1019,Snacks,490.0,0,9387.0,14
2026-06-28,SKU-1019,Snacks,403.0,0,8984.0,14
2026-06-29,SKU-1019,Snacks,252.0,0,8732.0,14
2026-01-01,SKU-1020,Pasta,403.0,0,1006.0,14
2026-01-02,SKU-1020,Pasta,390.0,7981,8597.0,14
2026-01-03,SKU-1020,Pasta,324.0,0,8273.0,14
2026-01-04,SKU-1020,Pasta,480.0,0,7793.0,14
2026-01-05,SKU-1020,Pasta,409.0,0,7384.0,14
2026-01-06,SKU-1020,Pasta,264.0,0,7120.0,14
2026-01-07,SKU-1020,Pasta,329.0,0,6791.0,14
2026-01-08,SKU-1020,Pasta,464.0,0,6327.0,14
2026-01-09,SKU-1020,Pasta,326.0,0,6001.0,14
2026-01-10,SKU-1020,Pasta,404.0,0,5597.0,14
2026-01-11,SKU-1020,Pasta,425.0,0,5172.0,14
2026-01-12,SKU-1020,Pasta,467.0,0,4705.0,14
2026-01-13,SKU-1020,Pasta,367.0,0,4338.0,14
2026-01-14,SKU-1020,Pasta,473.0,0,3865.0,14
2026-01-15,SKU-1020,Pasta,314.0,5990,9541.0,14
2026-01-16,SKU-1020,Pasta,437.0,0,9104.0,14
2026-01-17,SKU-1020,Pasta,447.0,0,8657.0,14
2026-01-18,SKU-1020,Pasta,632.0,0,8025.0,14
2026-01-19,SKU-1020,Pasta,305.0,0,7720.0,14
2026-01-20,SKU-1020,Pasta,405.0,0,7315.0,14
2026-01-21,SKU-1020,Pasta,469.0,0,6846.0,14
2026-01-22,SKU-1020,Pasta,462.0,0,6384.0,14
2026-01-23,SKU-1020,Pasta,503.0,0,5881.0,14
2026-01-24,SKU-1020,Pasta,725.0,0,5156.0,14
2026-01-25,SKU-1020,Pasta,292.0,0,4864.0,14
2026-01-26,SKU-1020,Pasta,320.0,0,4544.0,14
2026-01-27,SKU-1020,Pasta,326.0,0,4218.0,14
2026-01-28,SKU-1020,Pasta,330.0,0,3888.0,14
2026-01-29,SKU-1020,Pasta,397.0,0,3491.0,14
2026-01-30,SKU-1020,Pasta,425.0,7522,10588.0,14
2026-01-31,SKU-1020,Pasta,393.0,0,10195.0,14
2026-02-01,SKU-1020,Pasta,261.0,0,9934.0,14
2026-02-02,SKU-1020,Pasta,383.0,0,9551.0,14
2026-02-03,SKU-1020,Pasta,403.0,0,9148.0,14
2026-02-04,SKU-1020,Pasta,409.0,0,8739.0,14
2026-02-05,SKU-1020,Pasta,244.0,0,8495.0,14
2026-02-06,SKU-1020,Pasta,417.0,0,8078.0,14
2026-02-07,SKU-1020,Pasta,295.0,0,7783.0,14
2026-02-08,SKU-1020,Pasta,358.0,0,7425.0,14
2026-02-09,SKU-1020,Pasta,510.0,0,6915.0,14
2026-02-10,SKU-1020,Pasta,386.0,0,6529.0,14
2026-02-11,SKU-1020,Pasta,298.0,0,6231.0,14
2026-02-12,SKU-1020,Pasta,427.0,0,5804.0,14
2026-02-13,SKU-1020,Pasta,384.0,0,5420.0,14
2026-02-14,SKU-1020,Pasta,372.0,0,5048.0,14
2026-02-15,SKU-1020,Pasta,467.0,0,4581.0,14
2026-02-16,SKU-1020,Pasta,425.0,7018,11174.0,14
2026-02-17,SKU-1020,Pasta,472.0,0,10702.0,14
2026-02-18,SKU-1020,Pasta,523.0,0,10179.0,14
2026-02-19,SKU-1020,Pasta,270.0,0,9909.0,14
2026-02-20,SKU-1020,Pasta,503.0,0,9406.0,14
2026-02-21,SKU-1020,Pasta,264.0,0,9142.0,14
2026-02-22,SKU-1020,Pasta,348.0,0,8794.0,14
2026-02-23,SKU-1020,Pasta,600.0,0,8194.0,14
2026-02-24,SKU-1020,Pasta,476.0,0,7718.0,14
2026-02-25,SKU-1020,Pasta,469.0,0,7249.0,14
2026-02-26,SKU-1020,Pasta,311.0,0,6938.0,14
2026-02-27,SKU-1020,Pasta,406.0,0,6532.0,14
2026-02-28,SKU-1020,Pasta,466.0,0,6066.0,14
2026-03-01,SKU-1020,Pasta,409.0,0,5657.0,14
2026-03-02,SKU-1020,Pasta,357.0,0,5300.0,14
2026-03-03,SKU-1020,Pasta,471.0,0,4829.0,14
2026-03-04,SKU-1020,Pasta,592.0,0,4237.0,14
2026-03-05,SKU-1020,Pasta,390.0,5490,9337.0,14
2026-03-06,SKU-1020,Pasta,330.0,0,9007.0,14
2026-03-07,SKU-1020,Pasta,333.0,0,8674.0,14
2026-03-08,SKU-1020,Pasta,406.0,0,8268.0,14
2026-03-09,SKU-1020,Pasta,510.0,0,7758.0,14
2026-03-10,SKU-1020,Pasta,299.0,0,7459.0,14
2026-03-11,SKU-1020,Pasta,468.0,0,6991.0,14
2026-03-12,SKU-1020,Pasta,363.0,0,6628.0,14
2026-03-13,SKU-1020,Pasta,318.0,0,6310.0,14
2026-03-14,SKU-1020,Pasta,360.0,0,5950.0,14
2026-03-15,SKU-1020,Pasta,307.0,0,5643.0,14
2026-03-16,SKU-1020,Pasta,382.0,0,5261.0,14
2026-03-17,SKU-1020,Pasta,344.0,0,4917.0,14
2026-03-18,SKU-1020,Pasta,504.0,0,4413.0,14
2026-03-19,SKU-1020,Pasta,502.0,6823,10734.0,14
2026-03-20,SKU-1020,Pasta,422.0,0,10312.0,14
2026-03-21,SKU-1020,Pasta,396.0,0,9916.0,14
2026-03-22,SKU-1020,Pasta,299.0,0,9617.0,14
2026-03-23,SKU-1020,Pasta,,0,9073.0,14
2026-03-24,SKU-1020,Pasta,293.0,0,8780.0,14
2026-03-25,SKU-1020,Pasta,,0,8314.0,14
2026-03-26,SKU-1020,Pasta,161.0,0,8153.0,14
2026-03-27,SKU-1020,Pasta,385.0,0,7768.0,14
2026-03-28,SKU-1020,Pasta,508.0,0,7260.0,14
2026-03-29,SKU-1020,Pasta,374.0,0,6886.0,14
2026-03-30,SKU-1020,Pasta,381.0,0,6505.0,14
2026-03-31,SKU-1020,Pasta,459.0,0,6046.0,14
2026-04-01,SKU-1020,Pasta,460.0,0,5586.0,14
2026-04-02,SKU-1020,Pasta,380.0,0,5206.0,14
2026-04-03,SKU-1020,Pasta,804.0,0,,14
2026-04-04,SKU-1020,Pasta,262.0,0,4140.0,14
2026-04-05,SKU-1020,Pasta,423.0,0,3717.0,14
2026-04-06,SKU-1020,Pasta,255.0,5771,9233.0,14
2026-04-07,SKU-1020,Pasta,358.0,0,8875.0,14
2026-04-08,SKU-1020,Pasta,450.0,0,8425.0,14
2026-04-09,SKU-1020,Pasta,298.0,0,8127.0,14
2026-04-10,SKU-1020,Pasta,540.0,0,7587.0,14
2026-04-11,SKU-1020,Pasta,498.0,0,7089.0,14
2026-04-12,SKU-1020,Pasta,380.0,0,6709.0,14
2026-04-13,SKU-1020,Pasta,117.0,0,6592.0,14
2026-04-14,SKU-1020,Pasta,591.0,0,6001.0,14
2026-04-15,SKU-1020,Pasta,370.0,0,5631.0,14
2026-04-16,SKU-1020,Pasta,479.0,0,5152.0,14
2026-04-17,SKU-1020,Pasta,429.0,0,4723.0,14
2026-04-18,SKU-1020,Pasta,289.0,0,4434.0,14
2026-04-19,SKU-1020,Pasta,433.0,6581,10582.0,14
2026-04-20,SKU-1020,Pasta,353.0,0,10229.0,14
2026-04-21,SKU-1020,Pasta,431.0,0,9798.0,14
2026-04-22,SKU-1020,Pasta,393.0,0,9405.0,14
2026-04-23,SKU-1020,Pasta,529.0,0,8876.0,14
2026-04-24,SKU-1020,Pasta,488.0,0,8388.0,14
2026-04-25,SKU-1020,Pasta,478.0,0,7910.0,14
2026-04-26,SKU-1020,Pasta,470.0,0,7440.0,14
2026-04-27,SKU-1020,Pasta,253.0,0,7187.0,14
2026-04-28,SKU-1020,Pasta,470.0,0,6717.0,14
2026-04-29,SKU-1020,Pasta,454.0,0,6263.0,14
2026-04-30,SKU-1020,Pasta,284.0,0,5979.0,14
2026-05-01,SKU-1020,Pasta,285.0,0,5694.0,14
2026-05-02,SKU-1020,Pasta,518.0,0,5176.0,14
2026-05-03,SKU-1020,Pasta,323.0,0,4853.0,14
2026-05-04,SKU-1020,Pasta,443.0,0,4410.0,14
2026-05-05,SKU-1020,Pasta,304.0,0,4106.0,14
2026-05-06,SKU-1020,Pasta,176.0,0,3930.0,14
2026-05-07,SKU-1020,Pasta,557.0,0,3373.0,14
2026-05-08,SKU-1020,Pasta,305.0,5739,8807.0,14
2026-05-09,SKU-1020,Pasta,422.0,0,8385.0,14
2026-05-10,SKU-1020,Pasta,294.0,0,8091.0,14
2026-05-11,SKU-1020,Pasta,822.0,0,7269.0,14
2026-05-12,SKU-1020,Pasta,464.0,0,6805.0,14
2026-05-13,SKU-1020,Pasta,81.0,0,6724.0,14
2026-05-14,SKU-1020,Pasta,378.0,0,6346.0,14
2026-05-15,SKU-1020,Pasta,497.0,0,5849.0,14
2026-05-16,SKU-1020,Pasta,436.0,0,5413.0,14
2026-05-17,SKU-1020,Pasta,375.0,0,5038.0,14
2026-05-18,SKU-1020,Pasta,385.0,0,4653.0,14
2026-05-19,SKU-1020,Pasta,234.0,0,4419.0,14
2026-05-20,SKU-1020,Pasta,629.0,0,3790.0,14
2026-05-21,SKU-1020,Pasta,423.0,5773,9140.0,14
2026-05-22,SKU-1020,Pasta,331.0,0,8809.0,14
2026-05-23,SKU-1020,Pasta,273.0,0,8536.0,14
2026-05-24,SKU-1020,Pasta,628.0,0,7908.0,14
2026-05-25,SKU-1020,Pasta,352.0,0,7556.0,14
2026-05-26,SKU-1020,Pasta,658.0,0,6898.0,14
2026-05-27,SKU-1020,Pasta,411.0,0,6487.0,14
2026-05-28,SKU-1020,Pasta,525.0,0,5962.0,14
2026-05-29,SKU-1020,Pasta,587.0,0,5375.0,14
2026-05-30,SKU-1020,Pasta,378.0,0,4997.0,14
2026-05-31,SKU-1020,Pasta,773.0,0,4224.0,14
2026-06-01,SKU-1020,Pasta,701.0,7760,11283.0,14
2026-06-02,SKU-1020,Pasta,428.0,0,10855.0,14
2026-06-03,SKU-1020,Pasta,463.0,0,10392.0,14
2026-06-04,SKU-1020,Pasta,406.0,0,9986.0,14
2026-06-05,SKU-1020,Pasta,515.0,0,9471.0,14
2026-06-06,SKU-1020,Pasta,511.0,0,8960.0,14
2026-06-07,SKU-1020,Pasta,387.0,0,8573.0,14
2026-06-08,SKU-1020,Pasta,541.0,0,8032.0,14
2026-06-09,SKU-1020,Pasta,412.0,0,7620.0,14
2026-06-10,SKU-1020,Pasta,412.0,0,7208.0,14
2026-06-11,SKU-1020,Pasta,494.0,0,6714.0,14
2026-06-12,SKU-1020,Pasta,352.0,0,6362.0,14
2026-06-13,SKU-1020,Pasta,337.0,0,6025.0,14
2026-06-14,SKU-1020,Pasta,423.0,0,5602.0,14
2026-06-15,SKU-1020,Pasta,500.0,0,5102.0,14
2026-06-16,SKU-1020,Pasta,96.0,0,5006.0,14
2026-06-17,SKU-1020,Pasta,531.0,0,4475.0,14
2026-06-18,SKU-1020,Pasta,1012.0,7104,10567.0,14
2026-06-19,SKU-1020,Pasta,464.0,0,10103.0,14
2026-06-20,SKU-1020,Pasta,594.0,0,9509.0,14
2026-06-21,SKU-1020,Pasta,365.0,0,9144.0,14
2026-06-22,SKU-1020,Pasta,367.0,0,8777.0,14
2026-06-23,SKU-1020,Pasta,297.0,0,8480.0,14
2026-06-24,SKU-1020,Pasta,575.0,0,7905.0,14
2026-06-25,SKU-1020,Pasta,625.0,0,7280.0,14
2026-06-26,SKU-1020,Pasta,329.0,0,6951.0,14
2026-06-27,SKU-1020,Pasta,349.0,0,6602.0,14
2026-06-28,SKU-1020,Pasta,420.0,0,6182.0,14
2026-06-29,SKU-1020,Pasta,425.0,0,5757.0,14
2026-01-01,SKU-1021,Beverages,467.0,0,1625.0,10
2026-01-02,SKU-1021,Beverages,307.0,0,1318.0,10
2026-01-03,SKU-1021,Beverages,317.0,4989,5990.0,10
2026-01-04,SKU-1021,Beverages,209.0,0,5781.0,10
2026-01-05,SKU-1021,Beverages,413.0,0,5368.0,10
2026-01-06,SKU-1021,Beverages,,0,5025.0,10
2026-01-07,SKU-1021,Beverages,378.0,0,4647.0,10
2026-01-08,SKU-1021,Beverages,461.0,0,4186.0,10
2026-01-09,SKU-1021,Beverages,360.0,0,3826.0,10
2026-01-10,SKU-1021,Beverages,230.0,0,3596.0,10
2026-01-11,SKU-1021,Beverages,289.0,0,3307.0,10
2026-01-12,SKU-1021,Beverages,165.0,3736,6878.0,10
2026-01-13,SKU-1021,Beverages,426.0,0,6452.0,10
2026-01-14,SKU-1021,Beverages,427.0,0,6025.0,10
2026-01-15,SKU-1021,Beverages,286.0,0,5739.0,10
2026-01-16,SKU-1021,Beverages,355.0,0,5384.0,10
2026-01-17,SKU-1021,Beverages,241.0,0,5143.0,10
2026-01-18,SKU-1021,Beverages,405.0,0,4738.0,10
2026-01-19,SKU-1021,Beverages,363.0,0,4375.0,10
2026-01-20,SKU-1021,Beverages,358.0,0,4017.0,10
2026-01-21,SKU-1021,Beverages,393.0,3545,7169.0,10
2026-01-22,SKU-1021,Beverages,336.0,0,6833.0,10
2026-01-23,SKU-1021,Beverages,328.0,0,6505.0,10
2026-01-24,SKU-1021,Beverages,215.0,0,6290.0,10
2026-01-25,SKU-1021,Beverages,190.0,0,6100.0,10
2026-01-26,SKU-1021,Beverages,297.0,0,5803.0,10
2026-01-27,SKU-1021,Beverages,403.0,0,5400.0,10
2026-01-28,SKU-1021,Beverages,533.0,0,4867.0,10
2026-01-29,SKU-1021,Beverages,374.0,0,4493.0,10
2026-01-30,SKU-1021,Beverages,318.0,0,4175.0,10
2026-01-31,SKU-1021,Beverages,155.0,0,4020.0,10
2026-02-01,SKU-1021,Beverages,361.0,0,3659.0,10
2026-02-02,SKU-1021,Beverages,389.0,0,3270.0,10
2026-02-03,SKU-1021,Beverages,501.0,0,2769.0,10
2026-02-04,SKU-1021,Beverages,597.0,4268,6440.0,10
2026-02-05,SKU-1021,Beverages,407.0,0,6033.0,10
2026-02-06,SKU-1021,Beverages,302.0,0,5731.0,10
2026-02-07,SKU-1021,Beverages,289.0,0,5442.0,10
2026-02-08,SKU-1021,Beverages,295.0,0,5147.0,10
2026-02-09,SKU-1021,Beverages,338.0,0,4809.0,10
2026-02-10,SKU-1021,Beverages,294.0,0,4515.0,10
2026-02-11,SKU-1021,Beverages,519.0,0,3996.0,10
2026-02-12,SKU-1021,Beverages,522.0,0,3474.0,10
2026-02-13,SKU-1021,Beverages,414.0,5277,8337.0,10
2026-02-14,SKU-1021,Beverages,351.0,0,7986.0,10
2026-02-15,SKU-1021,Beverages,284.0,0,7702.0,10
2026-02-16,SKU-1021,Beverages,330.0,0,7372.0,10
2026-02-17,SKU-1021,Beverages,864.0,0,6508.0,10
2026-02-18,SKU-1021,Beverages,390.0,0,6118.0,10
2026-02-19,SKU-1021,Beverages,223.0,0,5895.0,10
2026-02-20,SKU-1021,Beverages,409.0,0,5486.0,10
2026-02-21,SKU-1021,Beverages,358.0,0,5128.0,10
2026-02-22,SKU-1021,Beverages,384.0,0,4744.0,10
2026-02-23,SKU-1021,Beverages,499.0,0,4245.0,10
2026-02-24,SKU-1021,Beverages,319.0,0,3926.0,10
2026-02-25,SKU-1021,Beverages,518.0,0,3408.0,10
2026-02-26,SKU-1021,Beverages,349.0,0,3059.0,10
2026-02-27,SKU-1021,Beverages,377.0,0,2682.0,10
2026-02-28,SKU-1021,Beverages,410.0,0,2272.0,10
2026-03-01,SKU-1021,Beverages,191.0,0,2081.0,10
2026-03-02,SKU-1021,Beverages,294.0,4283,6070.0,10
2026-03-03,SKU-1021,Beverages,385.0,0,5685.0,10
2026-03-04,SKU-1021,Beverages,474.0,0,5211.0,10
2026-03-05,SKU-1021,Beverages,459.0,0,4752.0,10
2026-03-06,SKU-1021,Beverages,339.0,0,4413.0,10
2026-03-07,SKU-1021,Beverages,301.0,0,4112.0,10
2026-03-08,SKU-1021,Beverages,313.0,0,3799.0,10
2026-03-09,SKU-1021,Beverages,334.0,0,3465.0,10
2026-03-10,SKU-1021,Beverages,463.0,4263,7265.0,10
2026-03-11,SKU-1021,Beverages,514.0,0,6751.0,10
2026-03-12,SKU-1021,Beverages,840.0,0,5911.0,10
2026-03-13,SKU-1021,Beverages,316.0,0,5595.0,10
2026-03-14,SKU-1021,Beverages,107.0,0,5488.0,10
2026-03-15,SKU-1021,Beverages,351.0,0,5137.0,10
2026-03-16,SKU-1021,Beverages,355.0,0,,10
2026-03-17,SKU-1021,Beverages,490.0,0,4292.0,10
2026-03-18,SKU-1021,Beverages,413.0,0,3879.0,10
2026-03-19,SKU-1021,Beverages,397.0,4707,8189.0,10
2026-03-20,SKU-1021,Beverages,227.0,0,7962.0,10
2026-03-21,SKU-1021,Beverages,351.0,0,7611.0,10
2026-03-22,SKU-1021,Beverages,661.0,0,,10
2026-03-23,SKU-1021,Beverages,319.0,0,6631.0,10
2026-03-24,SKU-1021,Beverages,432.0,0,6199.0,10
2026-03-25,SKU-1021,Beverages,613.0,0,5586.0,10
2026-03-26,SKU-1021,Beverages,387.0,0,5199.0,10
2026-03-27,SKU-1021,Beverages,294.0,0,4905.0,10
2026-03-28,SKU-1021,Beverages,163.0,0,4742.0,10
2026-03-29,SKU-1021,Beverages,486.0,0,4256.0,10
2026-03-30,SKU-1021,Beverages,191.0,0,4065.0,10
2026-03-31,SKU-1021,Beverages,417.0,5075,8723.0,10
2026-04-01,SKU-1021,Beverages,503.0,0,8220.0,10
2026-04-02,SKU-1021,Beverages,,0,7905.0,10
2026-04-03,SKU-1021,Beverages,326.0,0,7579.0,10
2026-04-04,SKU-1021,Beverages,329.0,0,7250.0,10
2026-04-05,SKU-1021,Beverages,373.0,0,6877.0,10
2026-04-06,SKU-1021,Beverages,392.0,0,6485.0,10
2026-04-07,SKU-1021,Beverages,537.0,0,5948.0,10
2026-04-08,SKU-1021,BEVERAGES,427.0,0,5521.0,10
2026-04-09,SKU-1021,Beverages,440.0,0,5081.0,10
2026-04-10,SKU-1021,Beverages,269.0,0,,10
2026-04-11,SKU-1021,Beverages,226.0,0,4586.0,10
2026-04-12,SKU-1021,Beverages,287.0,0,4299.0,10
2026-04-13,SKU-1021,Beverages,400.0,0,3899.0,10
2026-04-14,SKU-1021,Beverages,576.0,0,3323.0,10
2026-04-15,SKU-1021,Beverages,420.0,0,2903.0,10
2026-04-16,SKU-1021,Beverages,528.0,0,2375.0,10
2026-04-17,SKU-1021,Beverages,524.0,0,1851.0,10
2026-04-18,SKU-1021,Beverages,410.0,0,1441.0,10
2026-04-19,SKU-1021,Beverages,242.0,0,1199.0,10
2026-04-20,SKU-1021,Beverages,397.0,5039,5841.0,10
2026-04-21,SKU-1021,Beverages,307.0,0,5534.0,10
2026-04-22,SKU-1021,Beverages,615.0,0,4919.0,10
2026-04-23,SKU-1021,Beverages,442.0,0,4477.0,10
2026-04-24,SKU-1021,Beverages,341.0,0,4136.0,10
2026-04-25,SKU-1021,Beverages,323.0,0,3813.0,10
2026-04-26,SKU-1021,Beverages,299.0,0,3514.0,10
2026-04-27,SKU-1021,Beverages,274.0,0,3240.0,10
2026-04-28,SKU-1021,Beverages,444.0,0,2796.0,10
2026-04-29,SKU-1021,Beverages,579.0,0,2217.0,10
2026-04-30,SKU-1021,Beverages,495.0,4210,5932.0,10
2026-05-01,SKU-1021,Beverages,546.0,0,5386.0,10
2026-05-02,SKU-1021,Beverages,425.0,0,4961.0,10
2026-05-03,SKU-1021,Beverages,346.0,0,4615.0,10
2026-05-04,SKU-1021,Beverages,290.0,0,4325.0,10
2026-05-05,SKU-1021,Beverages,396.0,0,3929.0,10
2026-05-06,SKU-1021,Beverages,416.0,4621,8134.0,10
2026-05-07,SKU-1021,Beverages,397.0,0,7737.0,10
2026-05-08,SKU-1021,Beverages,301.0,0,7436.0,10
2026-05-09,SKU-1021,Beverages,304.0,0,7132.0,10
2026-05-10,SKU-1021,Beverages,373.0,0,6759.0,10
2026-05-11,SKU-1021,Beverages,437.0,0,6322.0,10
2026-05-12,SKU-1021,Beverages,507.0,0,5815.0,10
2026-05-13,SKU-1021,Beverages,441.0,0,5374.0,10
2026-05-14,SKU-1021,Beverages,484.0,0,4890.0,10
2026-05-15,SKU-1021,Beverages,481.0,0,4409.0,10
2026-05-16,SKU-1021,Beverages,280.0,0,4129.0,10
2026-05-17,SKU-1021,Beverages,360.0,0,3769.0,10
2026-05-18,SKU-1021,Beverages,459.0,0,3310.0,10
2026-05-19,SKU-1021,Beverages,366.0,0,2944.0,10
2026-05-20,SKU-1021,Beverages,412.0,0,2532.0,10
2026-05-21,SKU-1021,Beverages,621.0,0,1911.0,10
2026-05-22,SKU-1021,Beverages,369.0,0,1542.0,10
2026-05-23,SKU-1021,Beverages,296.0,0,1246.0,10
2026-05-24,SKU-1021,Beverages,289.0,4459,5416.0,10
2026-05-25,SKU-1021,Beverages,363.0,0,5053.0,10
2026-05-26,SKU-1021,Beverages,434.0,0,4619.0,10
2026-05-27,SKU-1021,Beverages,318.0,0,4301.0,10
2026-05-28,SKU-1021,Beverages,526.0,0,3775.0,10
2026-05-29,SKU-1021,Beverages,306.0,4380,7849.0,10
2026-05-30,SKU-1021,Beverages,286.0,0,7563.0,10
2026-05-31,SKU-1021,Beverages,275.0,0,7288.0,10
2026-06-01,SKU-1021,Beverages,275.0,0,7013.0,10
2026-06-02,SKU-1021,Beverages,366.0,0,,10
2026-06-03,SKU-1021,Beverages,430.0,0,6217.0,10
2026-06-04,SKU-1021,Beverages,472.0,0,,10
2026-06-05,SKU-1021,Beverages,246.0,0,5499.0,10
2026-06-06,SKU-1021,Beverages,400.0,0,5099.0,10
2026-06-07,SKU-1021,Beverages,299.0,0,4800.0,10
2026-06-08,SKU-1021,Beverages,476.0,0,4324.0,10
2026-06-09,SKU-1021,Beverages,625.0,0,3699.0,10
2026-06-10,SKU-1021,Beverages,412.0,0,3287.0,10
2026-06-11,SKU-1021,Beverages,,0,2916.0,10
2026-06-12,SKU-1021,Beverages,297.0,0,2619.0,10
2026-06-13,SKU-1021,Beverages,420.0,0,2199.0,10
2026-06-14,SKU-1021,Beverages,348.0,0,1851.0,10
2026-06-15,SKU-1021,Beverages,476.0,0,1375.0,10
2026-06-16,SKU-1021,Beverages,564.0,0,811.0,10
2026-06-17,SKU-1021,Beverages,466.0,0,345.0,10
2026-06-18,SKU-1021,Beverages,499.0,0,0.0,10
2026-06-19,SKU-1021,Beverages,365.0,0,0.0,10
2026-06-20,SKU-1021,Beverages,364.0,0,0.0,10
2026-06-21,SKU-1021,Beverages,328.0,0,0.0,10
2026-06-22,SKU-1021,Beverages,333.0,0,0.0,10
2026-06-23,SKU-1021,Beverages,438.0,0,0.0,10
2026-06-24,SKU-1021,Beverages,439.0,0,0.0,10
2026-06-25,SKU-1021,Beverages,366.0,4495,4129.0,10
2026-06-26,SKU-1021,Beverages,297.0,0,3832.0,10
2026-06-27,SKU-1021,Beverages,314.0,0,3518.0,10
2026-06-28,SKU-1021,Beverages,238.0,0,3280.0,10
2026-06-29,SKU-1021,Beverages,439.0,3640,6481.0,10
2026-01-01,SKU-1022,Snacks,207.0,0,834.0,3
2026-01-02,SKU-1022,Snacks,141.0,0,693.0,3
2026-01-03,SKU-1022,Snacks,174.0,0,519.0,3
2026-01-04,SKU-1022,Snacks,110.0,739,1148.0,3
2026-01-05,SKU-1022,Snacks,211.0,0,937.0,3
2026-01-06,SKU-1022,Snacks,206.0,0,731.0,3
2026-01-07,SKU-1022,Snacks,179.0,0,552.0,3
2026-01-08,SKU-1022,Snacks,182.0,619,989.0,3
2026-01-09,SKU-1022,Snacks,157.0,0,832.0,3
2026-01-10,SKU-1022,Snacks,80.0,0,752.0,3
2026-01-11,SKU-1022,Snacks,200.0,0,552.0,3
2026-01-12,SKU-1022,Snacks,164.0,545,933.0,3
2026-01-13,SKU-1022,Snacks,184.0,0,749.0,3
2026-01-14,SKU-1022,Snacks,184.0,0,565.0,3
2026-01-15,SKU-1022,Snacks,170.0,593,988.0,3
2026-01-16,SKU-1022,Snacks,162.0,0,826.0,3
2026-01-17,SKU-1022,Snacks,135.0,0,691.0,3
2026-01-18,SKU-1022,Snacks,213.0,0,478.0,3
2026-01-19,SKU-1022,Snacks,160.0,669,987.0,3
2026-01-20,SKU-1022,Snacks,203.0,0,784.0,3
2026-01-21,SKU-1022,Snacks,188.0,0,596.0,3
2026-01-22,SKU-1022,Snacks,279.0,0,317.0,3
2026-01-23,SKU-1022,Snacks,139.0,0,178.0,3
2026-01-24,SKU-1022,Snacks,145.0,0,33.0,3
2026-01-25,SKU-1022,Snacks,118.0,0,0.0,3
2026-01-26,SKU-1022,Snacks,312.0,0,0.0,3
2026-01-27,SKU-1022,Snacks,248.0,0,0.0,3
2026-01-28,SKU-1022,Snacks,277.0,0,0.0,3
2026-01-29,SKU-1022,Snacks,,0,0.0,3
2026-01-30,SKU-1022,Snacks,,0,0.0,3
2026-01-31,SKU-1022,Snacks,120.0,0,0.0,3
2026-02-01,SKU-1022,Snacks,125.0,0,0.0,3
2026-02-02,SKU-1022,Snacks,186.0,634,448.0,3
2026-02-03,SKU-1022,Snacks,170.0,0,278.0,3
2026-02-04,SKU-1022,Snacks,167.0,0,111.0,3
2026-02-05,SKU-1022,Snacks,141.0,519,489.0,3
2026-02-06,SKU-1022,Snacks,175.0,696,1010.0,3
2026-02-07,SKU-1022,Snacks,110.0,0,900.0,3
2026-02-08,SKU-1022,Snacks,124.0,0,776.0,3
2026-02-09,SKU-1022,Snacks,218.0,0,558.0,3
2026-02-10,SKU-1022,Snacks,87.0,0,471.0,3
2026-02-11,SKU-1022,Snacks,177.0,0,294.0,3
2026-02-12,SKU-1022,Snacks,151.0,0,143.0,3
2026-02-13,SKU-1022,Snacks,138.0,0,5.0,3
2026-02-14,SKU-1022,Snacks,161.0,0,0.0,3
2026-02-15,SKU-1022,Snacks,225.0,0,0.0,3
2026-02-16,SKU-1022,Snacks,179.0,0,0.0,3
2026-02-17,SKU-1022,Snacks,233.0,567,334.0,3
2026-02-18,SKU-1022,Snacks,245.0,0,89.0,3
2026-02-19,SKU-1022,Snacks,277.0,0,0.0,3
2026-02-20,SKU-1022,Snacks,181.0,623,442.0,3
2026-02-21,SKU-1022,Snacks,115.0,0,327.0,3
2026-02-22,SKU-1022,Snacks,107.0,711,931.0,3
2026-02-23,SKU-1022,Snacks,270.0,0,661.0,3
2026-02-24,SKU-1022,Snacks,143.0,0,518.0,3
2026-02-25,SKU-1022,Snacks,208.0,709,1019.0,3
2026-02-26,SKU-1022,Snacks,243.0,0,776.0,3
2026-02-27,SKU-1022,Snacks,206.0,0,570.0,3
2026-02-28,SKU-1022,Snacks,125.0,507,952.0,3
2026-03-01,SKU-1022,Snacks,139.0,0,813.0,3
2026-03-02,SKU-1022,Snacks,155.0,0,658.0,3
2026-03-03,SKU-1022,Snacks,256.0,0,402.0,3
2026-03-04,SKU-1022,Snacks,276.0,0,126.0,3
2026-03-05,SKU-1022,Snacks,101.0,0,25.0,3
2026-03-06,SKU-1022,Snacks,185.0,0,0.0,3
2026-03-07,SKU-1022,Snacks,180.0,0,0.0,3
2026-03-08,SKU-1022,Snacks,109.0,660,551.0,3
2026-03-09,SKU-1022,Snacks,176.0,758,1133.0,3
2026-03-10,SKU-1022,Snacks,280.0,0,853.0,3
2026-03-11,SKU-1022,Snacks,229.0,0,624.0,3
2026-03-12,SKU-1022,Snacks,212.0,0,412.0,3
2026-03-13,SKU-1022,Snacks,219.0,647,840.0,3
2026-03-14,SKU-1022,Snacks,122.0,0,718.0,3
2026-03-15,SKU-1022,Snacks,174.0,0,544.0,3
2026-03-16,SKU-1022,Snacks,,575,876.0,3
2026-03-17,SKU-1022,Snacks,233.0,0,643.0,3
2026-03-18,SKU-1022,Snacks,72.0,0,571.0,3
2026-03-19,SKU-1022,Snacks,255.0,0,316.0,3
2026-03-20,SKU-1022,Snacks,377.0,0,0.0,3
2026-03-21,SKU-1022,Snacks,114.0,0,0.0,3
2026-03-22,SKU-1022,Snacks,156.0,541,385.0,3
2026-03-23,SKU-1022,Snacks,209.0,725,901.0,3
2026-03-24,SKU-1022,Snacks,200.0,0,701.0,3
2026-03-25,SKU-1022,Snacks,210.0,0,491.0,3
2026-03-26,SKU-1022,Snacks,173.0,0,318.0,3
2026-03-27,SKU-1022,Snacks,171.0,0,147.0,3
2026-03-28,SKU-1022,Snacks,119.0,0,28.0,3
2026-03-29,SKU-1022,Snacks,185.0,711,554.0,3
2026-03-30,SKU-1022,Snacks,179.0,0,375.0,3
2026-03-31,SKU-1022,Snacks,239.0,721,857.0,3
2026-04-01,SKU-1022,Snacks,248.0,0,609.0,3
2026-04-02,SKU-1022,Snacks,161.0,0,448.0,3
2026-04-03,SKU-1022,Snacks,207.0,0,241.0,3
2026-04-04,SKU-1022,Snacks,162.0,0,79.0,3
2026-04-05,SKU-1022,Snacks,118.0,0,0.0,3
2026-04-06,SKU-1022,Snacks,144.0,0,0.0,3
2026-04-07,SKU-1022,Snacks,241.0,0,0.0,3
2026-04-08,SKU-1022,Snacks,149.0,0,0.0,3
2026-04-09,SKU-1022,Snacks,200.0,0,0.0,3
2026-04-10,SKU-1022,Snacks,131.0,0,0.0,3
2026-04-11,SKU-1022,Snacks,188.0,0,0.0,3
2026-04-12,SKU-1022,Snacks,100.0,0,0.0,3
2026-04-13,SKU-1022,Snacks,140.0,716,576.0,3
2026-04-14,SKU-1022,Snacks,217.0,0,359.0,3
2026-04-15,SKU-1022,Snacks,245.0,0,114.0,3
2026-04-16,SKU-1022,Snacks,220.0,693,587.0,3
2026-04-17,SKU-1022,Snacks,196.0,0,391.0,3
2026-04-18,SKU-1022,Snacks,162.0,0,229.0,3
2026-04-19,SKU-1022,Snacks,193.0,0,36.0,3
2026-04-20,SKU-1022,Snacks,210.0,647,473.0,3
2026-04-21,SKU-1022,Snacks,138.0,521,856.0,3
2026-04-22,SKU-1022,Snacks,154.0,0,702.0,3
2026-04-23,SKU-1022,Snacks,160.0,0,,3
2026-04-24,SKU-1022,Snacks,226.0,0,316.0,3
2026-04-25,SKU-1022,Snacks,117.0,0,199.0,3
2026-04-26,SKU-1022,Snacks,163.0,521,557.0,3
2026-04-27,SKU-1022,Snacks,81.0,0,476.0,3
2026-04-28,SKU-1022,Snacks,117.0,709,1068.0,3
2026-04-29,SKU-1022,Snacks,228.0,0,840.0,3
2026-04-30,SKU-1022,Snacks,277.0,0,563.0,3
2026-05-01,SKU-1022,Snacks,168.0,0,395.0,3
2026-05-02,SKU-1022,Snacks,148.0,0,247.0,3
2026-05-03,SKU-1022,Snacks,161.0,0,86.0,3
2026-05-04,SKU-1022,Snacks,187.0,712,611.0,3
2026-05-05,SKU-1022,Snacks,130.0,0,481.0,3
2026-05-06,SKU-1022,Snacks,215.0,0,266.0,3
2026-05-07,SKU-1022,Snacks,206.0,574,634.0,3
2026-05-08,SKU-1022,Snacks,211.0,0,423.0,3
2026-05-09,SKU-1022,Snacks,134.0,0,289.0,3
2026-05-10,SKU-1022,Snacks,153.0,652,788.0,3
2026-05-11,SKU-1022,Snacks,271.0,0,517.0,3
2026-05-12,SKU-1022,Snacks,194.0,646,969.0,3
2026-05-13,SKU-1022,Snacks,206.0,0,763.0,3
2026-05-14,SKU-1022,Snacks,180.0,0,583.0,3
2026-05-15,SKU-1022,Snacks,220.0,0,363.0,3
2026-05-16,SKU-1022,Snacks,217.0,720,866.0,3
2026-05-17,SKU-1022,Snacks,143.0,0,723.0,3
2026-05-18,SKU-1022,Snacks,218.0,0,505.0,3
2026-05-19,SKU-1022,Snacks,180.0,0,325.0,3
2026-05-20,SKU-1022,Snacks,192.0,0,133.0,3
2026-05-21,SKU-1022,Snacks,172.0,0,0.0,3
2026-05-22,SKU-1022,Snacks,133.0,0,0.0,3
2026-05-23,SKU-1022,Snacks,204.0,0,0.0,3
2026-05-24,SKU-1022,Snacks,162.0,0,0.0,3
2026-05-25,SKU-1022,Snacks,148.0,0,0.0,3
2026-05-26,SKU-1022,Snacks,111.0,718,607.0,3
2026-05-27,SKU-1022,Snacks,212.0,0,395.0,3
2026-05-28,SKU-1022,Snacks,275.0,0,120.0,3
2026-05-29,SKU-1022,Snacks,200.0,567,487.0,3
2026-05-30,SKU-1022,Snacks,182.0,0,305.0,3
2026-05-31,SKU-1022,Snacks,151.0,0,154.0,3
2026-06-01,SKU-1022,Snacks,139.0,0,15.0,3
2026-06-02,SKU-1022,Snacks,285.0,663,393.0,3
2026-06-03,SKU-1022,Snacks,183.0,0,210.0,3
2026-06-04,SKU-1022,Snacks,231.0,0,0.0,3
2026-06-05,SKU-1022,Snacks,165.0,0,0.0,3
2026-06-06,SKU-1022,Snacks,192.0,736,544.0,3
2026-06-07,SKU-1022,Snacks,196.0,0,348.0,3
2026-06-08,SKU-1022,Snacks,187.0,0,161.0,3
2026-06-09,SKU-1022,Snacks,200.0,537,498.0,3
2026-06-10,SKU-1022,Snacks,208.0,0,290.0,3
2026-06-11,SKU-1022,Snacks,207.0,0,83.0,3
2026-06-12,SKU-1022,Snacks,234.0,0,0.0,3
2026-06-13,SKU-1022,Snacks,142.0,628,486.0,3
2026-06-14,SKU-1022,Snacks,149.0,0,337.0,3
2026-06-15,SKU-1022,Snacks,258.0,0,79.0,3
2026-06-16,SKU-1022,Snacks,162.0,0,0.0,3
2026-06-17,SKU-1022,Snacks,193.0,0,0.0,3
2026-06-18,SKU-1022,Snacks,197.0,531,334.0,3
2026-06-19,SKU-1022,Snacks,262.0,0,72.0,3
2026-06-20,SKU-1022,Snacks,137.0,0,0.0,3
2026-06-21,SKU-1022,Snacks,121.0,534,413.0,3
2026-06-22,SKU-1022,Snacks,217.0,667,863.0,3
2026-06-23,SKU-1022,Snacks,143.0,0,720.0,3
2026-06-24,SKU-1022,Snacks,197.0,0,523.0,3
2026-06-25,SKU-1022,Snacks,155.0,0,368.0,3
2026-06-26,SKU-1022,Snacks,195.0,680,853.0,3
2026-06-27,SKU-1022,Snacks,193.0,0,660.0,3
2026-06-28,SKU-1022,Snacks,146.0,0,514.0,3
2026-06-29,SKU-1022,Snacks,279.0,0,235.0,3
2026-01-01,SKU-1023,Flour,226.0,0,990.0,7
2026-01-02,SKU-1023,Flour,230.0,2208,2968.0,7
2026-01-03,SKU-1023,Flour,200.0,0,2768.0,7
2026-01-04,SKU-1023,Flour,159.0,0,2609.0,7
2026-01-05,SKU-1023,Flour,257.0,0,2352.0,7
2026-01-06,SKU-1023,Flour,301.0,0,2051.0,7
2026-01-07,SKU-1023,Flour,324.0,0,1727.0,7
2026-01-08,SKU-1023,Flour,220.0,0,1507.0,7
2026-01-09,SKU-1023,Flour,196.0,0,1311.0,7
2026-01-10,SKU-1023,Flour,195.0,0,1116.0,7
2026-01-11,SKU-1023,Flour,164.0,1815,2767.0,7
2026-01-12,SKU-1023,Flour,264.0,0,2503.0,7
2026-01-13,SKU-1023,Flour,234.0,0,2269.0,7
2026-01-14,SKU-1023,Flour,250.0,0,2019.0,7
2026-01-15,SKU-1023,Flour,245.0,0,1774.0,7
2026-01-16,SKU-1023,Flour,277.0,2453,3950.0,7
2026-01-17,SKU-1023,Flour,193.0,0,3757.0,7
2026-01-18,SKU-1023,Flour,190.0,0,3567.0,7
2026-01-19,SKU-1023,Flour,217.0,0,3350.0,7
2026-01-20,SKU-1023,Flour,271.0,0,3079.0,7
2026-01-21,SKU-1023,Flour,290.0,0,2789.0,7
2026-01-22,SKU-1023,Flour,244.0,0,2545.0,7
2026-01-23,SKU-1023,Flour,230.0,0,2315.0,7
2026-01-24,SKU-1023,Flour,189.0,0,2126.0,7
2026-01-25,SKU-1023,Flour,,0,1935.0,7
2026-01-26,SKU-1023,Flour,177.0,0,1758.0,7
2026-01-27,SKU-1023,Flour,259.0,0,1499.0,7
2026-01-28,SKU-1023,Flour,355.0,0,1144.0,7
2026-01-29,SKU-1023,Flour,290.0,2150,3004.0,7
2026-01-30,SKU-1023,Flour,177.0,0,2827.0,7
2026-01-31,SKU-1023,Flour,182.0,0,2645.0,7
2026-02-01,SKU-1023,Flour,204.0,0,2441.0,7
2026-02-02,SKU-1023,Flour,229.0,0,2212.0,7
2026-02-03,SKU-1023,Flour,256.0,0,1956.0,7
2026-02-04,SKU-1023,Flour,258.0,2443,4141.0,7
2026-02-05,SKU-1023,Flour,207.0,0,3934.0,7
2026-02-06,SKU-1023,Flour,208.0,0,3726.0,7
2026-02-07,SKU-1023,Flour,181.0,0,3545.0,7
2026-02-08,SKU-1023,Flour,190.0,0,3355.0,7
2026-02-09,SKU-1023,Flour,237.0,0,3118.0,7
2026-02-10,SKU-1023,Flour,246.0,0,2872.0,7
2026-02-11,SKU-1023,Flour,268.0,0,2604.0,7
2026-02-12,SKU-1023,Flour,239.0,0,2365.0,7
2026-02-13,SKU-1023,Flour,193.0,0,2172.0,7
2026-02-14,SKU-1023,Flour,186.0,0,1986.0,7
2026-02-15,SKU-1023,Flour,200.0,0,1786.0,7
2026-02-16,SKU-1023,Flour,207.0,0,1579.0,7
2026-02-17,SKU-1023,Flour,236.0,0,1343.0,7
2026-02-18,SKU-1023,Flour,270.0,0,1073.0,7
2026-02-19,SKU-1023,Flour,263.0,2421,3231.0,7
2026-02-20,SKU-1023,Flour,217.0,0,3014.0,7
2026-02-21,SKU-1023,Flour,212.0,0,2802.0,7
2026-02-22,SKU-1023,Flour,175.0,0,2627.0,7
2026-02-23,SKU-1023,Flour,230.0,0,,7
2026-02-24,SKU-1023,Flour,296.0,0,2101.0,7
2026-02-25,SKU-1023,Flour,334.0,0,1767.0,7
2026-02-26,SKU-1023,Flour,269.0,1704,3202.0,7
2026-02-27,SKU-1023,Flour,187.0,0,3015.0,7
2026-02-28,SKU-1023,Flour,187.0,0,2828.0,7
2026-03-01,SKU-1023,Flour,211.0,0,2617.0,7
2026-03-02,SKU-1023,Flour,243.0,0,2374.0,7
2026-03-03,SKU-1023,Flour,252.0,0,2122.0,7
2026-03-04,SKU-1023,Flour,682.0,0,1440.0,7
2026-03-05,SKU-1023,Flour,198.0,1840,3082.0,7
2026-03-06,SKU-1023,Flour,230.0,0,2852.0,7
2026-03-07,SKU-1023,Flour,177.0,0,2675.0,7
2026-03-08,SKU-1023,Flour,194.0,0,2481.0,7
2026-03-09,SKU-1023,Flour,199.0,0,2282.0,7
2026-03-10,SKU-1023,Flour,235.0,0,2047.0,7
2026-03-11,SKU-1023,Flour,299.0,0,1748.0,7
2026-03-12,SKU-1023,Flour,277.0,0,,7
2026-03-13,SKU-1023,Flour,196.0,0,1275.0,7
2026-03-14,SKU-1023,Flour,179.0,1707,2803.0,7
2026-03-15,SKU-1023,Flour,191.0,0,2612.0,7
2026-03-16,SKU-1023,Flour,244.0,0,2368.0,7
2026-03-17,SKU-1023,Flour,207.0,0,2161.0,7
2026-03-18,SKU-1023,Flour,252.0,0,1909.0,7
2026-03-19,SKU-1023,Flour,236.0,0,1673.0,7
2026-03-20,SKU-1023,Flour,208.0,0,1465.0,7
2026-03-21,SKU-1023,Flour,200.0,0,1265.0,7
2026-03-22,SKU-1023,Flour,217.0,2181,3229.0,7
2026-03-23,SKU-1023,Flour,273.0,0,2956.0,7
2026-03-24,SKU-1023,Flour,284.0,0,2672.0,7
2026-03-25,SKU-1023,Flour,299.0,0,2373.0,7
2026-03-26,SKU-1023,Flour,191.0,0,2182.0,7
2026-03-27,SKU-1023,Flour,155.0,0,2027.0,7
2026-03-28,SKU-1023,Flour,193.0,0,1834.0,7
2026-03-29,SKU-1023,Flour,168.0,2171,3837.0,7
2026-03-30,SKU-1023,Flour,202.0,0,3635.0,7
2026-03-31,SKU-1023,Flour,259.0,0,3376.0,7
2026-04-01,SKU-1023,Flour,269.0,0,3107.0,7
2026-04-02,SKU-1023,Flour,421.0,0,2686.0,7
2026-04-03,SKU-1023,Flour,216.0,0,2470.0,7
2026-04-04,SKU-1023,Flour,179.0,0,2291.0,7
2026-04-05,SKU-1023,Flour,181.0,0,2110.0,7
2026-04-06,SKU-1023,Flour,199.0,0,1911.0,7
2026-04-07,SKU-1023,Flour,99.0,0,1812.0,7
2026-04-08,SKU-1023,Flour,305.0,0,1507.0,7
2026-04-09,SKU-1023,Flour,196.0,0,1311.0,7
2026-04-10,SKU-1023,Flour,,0,1099.0,7
2026-04-11,SKU-1023,Flour,175.0,0,924.0,7
2026-04-12,SKU-1023,Flour,,1950,2713.0,7
2026-04-13,SKU-1023,Flour,213.0,0,2500.0,7
2026-04-14,SKU-1023,Flour,290.0,0,2210.0,7
2026-04-15,SKU-1023,Flour,276.0,0,1934.0,7
2026-04-16,SKU-1023,Flour,252.0,0,1682.0,7
2026-04-17,SKU-1023,Flour,190.0,0,1492.0,7
2026-04-18,SKU-1023,Flour,171.0,0,1321.0,7
2026-04-19,SKU-1023,Flour,208.0,1670,2783.0,7
2026-04-20,SKU-1023,Flour,278.0,0,2505.0,7
2026-04-21,SKU-1023,Flour,278.0,0,2227.0,7
2026-04-22,SKU-1023,Flour,270.0,0,1957.0,7
2026-04-23,SKU-1023,Flour,194.0,0,1763.0,7
2026-04-24,SKU-1023,Flour,185.0,0,1578.0,7
2026-04-25,SKU-1023,Flour,146.0,2216,3648.0,7
2026-04-26,SKU-1023,Flour,207.0,0,3441.0,7
2026-04-27,SKU-1023,Flour,227.0,0,3214.0,7
2026-04-28,SKU-1023,Flour,247.0,0,2967.0,7
2026-04-29,SKU-1023,Flour,256.0,0,2711.0,7
2026-04-30,SKU-1023,Flour,265.0,0,2446.0,7
2026-05-01,SKU-1023,Flour,423.0,0,2023.0,7
2026-05-02,SKU-1023,Flour,157.0,0,1866.0,7
2026-05-03,SKU-1023,Flour,214.0,0,1652.0,7
2026-05-04,SKU-1023,Flour,246.0,2355,3761.0,7
2026-05-05,SKU-1023,Flour,246.0,0,3515.0,7
2026-05-06,SKU-1023,Flour,298.0,0,3217.0,7
2026-05-07,SKU-1023,Flour,244.0,0,2973.0,7
2026-05-08,SKU-1023,Flour,183.0,0,2790.0,7
2026-05-09,SKU-1023,Flour,194.0,0,2596.0,7
2026-05-10,SKU-1023,Flour,206.0,0,2390.0,7
2026-05-11,SKU-1023,Flour,237.0,0,2153.0,7
2026-05-12,SKU-1023,Flour,284.0,0,1869.0,7
2026-05-13,SKU-1023,Flour,276.0,0,1593.0,7
2026-05-14,SKU-1023,Flour,237.0,0,1356.0,7
2026-05-15,SKU-1023,Flour,193.0,0,1163.0,7
2026-05-16,SKU-1023,Flour,171.0,0,992.0,7
2026-05-17,SKU-1023,Flour,228.0,0,764.0,7
2026-05-18,SKU-1023,Flour,546.0,1873,2091.0,7
2026-05-19,SKU-1023,Flour,257.0,0,1834.0,7
2026-05-20,SKU-1023,Flour,269.0,1879,3444.0,7
2026-05-21,SKU-1023,Flour,261.0,0,3183.0,7
2026-05-22,SKU-1023,Flour,203.0,0,2980.0,7
2026-05-23,SKU-1023,Flour,62.0,0,2918.0,7
2026-05-24,SKU-1023,Flour,209.0,0,2709.0,7
2026-05-25,SKU-1023,Flour,220.0,0,2489.0,7
2026-05-26,SKU-1023,Flour,510.0,0,1979.0,7
2026-05-27,SKU-1023,Flour,294.0,0,1685.0,7
2026-05-28,SKU-1023,Flour,241.0,2287,3731.0,7
2026-05-29,SKU-1023,Flour,227.0,0,3504.0,7
2026-05-30,SKU-1023,Flour,161.0,0,3343.0,7
2026-05-31,SKU-1023,Flour,162.0,0,3181.0,7
2026-06-01,SKU-1023,Flour,184.0,0,2997.0,7
2026-06-02,SKU-1023,Flour,262.0,0,2735.0,7
2026-06-03,SKU-1023,Flour,269.0,0,2466.0,7
2026-06-04,SKU-1023,Flour,242.0,0,2224.0,7
2026-06-05,SKU-1023,Flour,176.0,0,2048.0,7
2026-06-06,SKU-1023,Flour,195.0,0,1853.0,7
2026-06-07,SKU-1023,Flour,217.0,2428,4064.0,7
2026-06-08,SKU-1023,Flour,231.0,0,3833.0,7
2026-06-09,SKU-1023,Flour,74.0,0,3759.0,7
2026-06-10,SKU-1023,Flour,285.0,0,3474.0,7
2026-06-11,SKU-1023,Flour,229.0,0,3245.0,7
2026-06-12,SKU-1023,Flour,189.0,0,3056.0,7
2026-06-13,SKU-1023,Flour,162.0,0,2894.0,7
2026-06-14,SKU-1023,Flour,190.0,0,2704.0,7
2026-06-15,SKU-1023,Flour,221.0,0,2483.0,7
2026-06-16,SKU-1023,Flour,183.0,0,2300.0,7
2026-06-17,SKU-1023,Flour,263.0,0,2037.0,7
2026-06-18,SKU-1023,Flour,269.0,0,1768.0,7
2026-06-19,SKU-1023,Flour,201.0,0,1567.0,7
2026-06-20,SKU-1023,Flour,186.0,1892,3273.0,7
2026-06-21,SKU-1023,Flour,183.0,0,3090.0,7
2026-06-22,SKU-1023,Flour,209.0,0,2881.0,7
2026-06-23,SKU-1023,Flour,276.0,0,2605.0,7
2026-06-24,SKU-1023,Flour,292.0,0,2313.0,7
2026-06-25,SKU-1023,Flour,225.0,0,2088.0,7
2026-06-26,SKU-1023,Flour,169.0,0,1919.0,7
2026-06-27,SKU-1023,Flour,188.0,0,1731.0,7
2026-06-28,SKU-1023,Flour,198.0,0,1533.0,7
2026-06-29,SKU-1023,Flour,208.0,0,1325.0,7
2026-01-01,SKU-1024,Flour,259.0,0,1064.0,7
2026-01-02,SKU-1024,Flour,89.0,0,975.0,7
2026-01-03,SKU-1024,Flour,218.0,0,757.0,7
2026-01-04,SKU-1024,Flour,165.0,0,592.0,7
2026-01-05,SKU-1024,Flour,255.0,0,337.0,7
2026-01-06,SKU-1024,Flour,296.0,0,41.0,7
2026-01-07,SKU-1024,Flour,234.0,0,0.0,7
2026-01-08,SKU-1024,Flour,257.0,0,0.0,7
2026-01-09,SKU-1024,Flour,162.0,0,0.0,7
2026-01-10,SKU-1024,Flour,234.0,2123,1889.0,7
2026-01-11,SKU-1024,Flour,166.0,0,1723.0,7
2026-01-12,SKU-1024,Flour,197.0,0,1526.0,7
2026-01-13,SKU-1024,Flour,340.0,2581,3767.0,7
2026-01-14,SKU-1024,Flour,308.0,0,3459.0,7
2026-01-15,SKU-1024,Flour,183.0,0,3276.0,7
2026-01-16,SKU-1024,Flour,137.0,0,3139.0,7
2026-01-17,SKU-1024,Flour,273.0,0,2866.0,7
2026-01-18,SKU-1024,Flour,227.0,0,2639.0,7
2026-01-19,SKU-1024,Flour,268.0,0,2371.0,7
2026-01-20,SKU-1024,Flour,226.0,0,2145.0,7
2026-01-21,SKU-1024,Flour,277.0,0,1868.0,7
2026-01-22,SKU-1024,Flour,84.0,2376,4160.0,7
2026-01-23,SKU-1024,Flour,209.0,0,3951.0,7
2026-01-24,SKU-1024,Flour,189.0,0,3762.0,7
2026-01-25,SKU-1024,Flour,36.0,0,3726.0,7
2026-01-26,SKU-1024,Flour,256.0,0,3470.0,7
2026-01-27,SKU-1024,Flour,125.0,0,3345.0,7
2026-01-28,SKU-1024,Flour,198.0,0,3147.0,7
2026-01-29,SKU-1024,Flour,397.0,0,2750.0,7
2026-01-30,SKU-1024,Flour,258.0,0,2492.0,7
2026-01-31,SKU-1024,Flour,186.0,0,2306.0,7
2026-02-01,SKU-1024,Flour,187.0,0,2119.0,7
2026-02-02,SKU-1024,Flour,239.0,0,1880.0,7
2026-02-03,SKU-1024,Flour,190.0,2042,3732.0,7
2026-02-04,SKU-1024,Flour,297.0,0,3435.0,7
2026-02-05,SKU-1024,Flour,179.0,0,3256.0,7
2026-02-06,SKU-1024,Flour,199.0,0,3057.0,7
2026-02-07,SKU-1024,Flour,194.0,0,2863.0,7
2026-02-08,SKU-1024,Flour,201.0,0,2662.0,7
2026-02-09,SKU-1024,Flour,,0,2377.0,7
2026-02-10,SKU-1024,Flour,264.0,0,2113.0,7
2026-02-11,SKU-1024,Flour,309.0,0,1804.0,7
2026-02-12,SKU-1024,Flour,289.0,0,1515.0,7
2026-02-13,SKU-1024,Flour,246.0,1888,3157.0,7
2026-02-14,SKU-1024,Flour,237.0,0,2920.0,7
2026-02-15,SKU-1024,Flour,207.0,0,2713.0,7
2026-02-16,SKU-1024,Flour,185.0,0,2528.0,7
2026-02-17,SKU-1024,Flour,293.0,0,2235.0,7
2026-02-18,SKU-1024,Flour,313.0,0,1922.0,7
2026-02-19,SKU-1024,Flour,286.0,0,1636.0,7
2026-02-20,SKU-1024,Flour,298.0,0,1338.0,7
2026-02-21,SKU-1024,Flour,193.0,0,1145.0,7
2026-02-22,SKU-1024,Flour,220.0,2456,3381.0,7
2026-02-23,SKU-1024,Flour,318.0,0,3063.0,7
2026-02-24,SKU-1024,Flour,243.0,0,2820.0,7
2026-02-25,SKU-1024,Flour,289.0,0,2531.0,7
2026-02-26,SKU-1024,Flour,340.0,0,2191.0,7
2026-02-27,SKU-1024,Flour,169.0,0,2022.0,7
2026-02-28,SKU-1024,Flour,195.0,0,1827.0,7
2026-03-01,SKU-1024,Flour,203.0,2148,3772.0,7
2026-03-02,SKU-1024,Flour,166.0,0,3606.0,7
2026-03-03,SKU-1024,Flour,273.0,0,3333.0,7
2026-03-04,SKU-1024,Flour,190.0,0,3143.0,7
2026-03-05,SKU-1024,Flour,258.0,0,2885.0,7
2026-03-06,SKU-1024,Flour,227.0,0,2658.0,7
2026-03-07,SKU-1024,Flour,251.0,0,2407.0,7
2026-03-08,SKU-1024,Flour,160.0,0,2247.0,7
2026-03-09,SKU-1024,Flour,208.0,0,2039.0,7
2026-03-10,SKU-1024,Flour,352.0,0,1687.0,7
2026-03-11,SKU-1024,Flour,267.0,0,1420.0,7
2026-03-12,SKU-1024,Flour,171.0,2424,3673.0,7
2026-03-13,SKU-1024,Flour,219.0,0,3454.0,7
2026-03-14,SKU-1024,Flour,185.0,0,3269.0,7
2026-03-15,SKU-1024,Flour,256.0,0,3013.0,7
2026-03-16,SKU-1024,Flour,269.0,0,2744.0,7
2026-03-17,SKU-1024,Flour,225.0,0,,7
2026-03-18,SKU-1024,Flour,350.0,0,2169.0,7
2026-03-19,SKU-1024,Flour,216.0,0,1953.0,7
2026-03-20,SKU-1024,Flour,169.0,0,1784.0,7
2026-03-21,SKU-1024,Flour,189.0,1826,3421.0,7
2026-03-22,SKU-1024,Flour,242.0,0,3179.0,7
2026-03-23,SKU-1024,Flour,239.0,0,2940.0,7
2026-03-24,SKU-1024,Flour,186.0,0,2754.0,7
2026-03-25,SKU-1024,Flour,219.0,0,2535.0,7
2026-03-26,SKU-1024,Flour,369.0,0,2166.0,7
2026-03-27,SKU-1024,Flour,238.0,0,1928.0,7
2026-03-28,SKU-1024,Flour,168.0,0,1760.0,7
2026-03-29,SKU-1024,Flour,,2301,3890.0,7
2026-03-30,SKU-1024,Flour,406.0,0,3484.0,7
2026-03-31,SKU-1024,Flour,213.0,0,3271.0,7
2026-04-01,SKU-1024,Flour,274.0,0,2997.0,7
2026-04-02,SKU-1024,Flour,294.0,0,2703.0,7
2026-04-03,SKU-1024,Flour,270.0,0,2433.0,7
2026-04-04,SKU-1024,Flour,100.0,0,2333.0,7
2026-04-05,SKU-1024,Flour,251.0,0,2082.0,7
2026-04-06,SKU-1024,Flour,298.0,0,1784.0,7
2026-04-07,SKU-1024,Flour,251.0,0,,7
2026-04-08,SKU-1024,Flour,302.0,1911,3142.0,7
2026-04-09,SKU-1024,Flour,317.0,0,2825.0,7
2026-04-10,SKU-1024,Flour,186.0,0,2639.0,7
2026-04-11,SKU-1024,Flour,216.0,0,2423.0,7
2026-04-12,SKU-1024,Flour,213.0,0,2210.0,7
2026-04-13,SKU-1024,Flour,222.0,0,1988.0,7
2026-04-14,SKU-1024,Flour,161.0,0,1827.0,7
2026-04-15,SKU-1024,Flour,293.0,0,1534.0,7
2026-04-16,SKU-1024,Flour,219.0,0,1315.0,7
2026-04-17,SKU-1024,Flour,230.0,0,1085.0,7
2026-04-18,SKU-1024,Flour,260.0,0,825.0,7
2026-04-19,SKU-1024,Flour,231.0,2073,2667.0,7
2026-04-20,SKU-1024,Flour,313.0,0,2354.0,7
2026-04-21,SKU-1024,Flour,355.0,0,1999.0,7
2026-04-22,SKU-1024,Flour,298.0,0,1701.0,7
2026-04-23,SKU-1024,Flour,252.0,0,1449.0,7
2026-04-24,SKU-1024,Flour,237.0,0,1212.0,7
2026-04-25,SKU-1024,Flour,286.0,0,926.0,7
2026-04-26,SKU-1024,Flour,286.0,0,640.0,7
2026-04-27,SKU-1024,Flour,230.0,0,410.0,7
2026-04-28,SKU-1024,Flour,,0,244.0,7
2026-04-29,SKU-1024,Flour,272.0,0,0.0,7
2026-04-30,SKU-1024,Flour,223.0,0,0.0,7
2026-05-01,SKU-1024,Flour,241.0,0,0.0,7
2026-05-02,SKU-1024,Flour,220.0,1882,1662.0,7
2026-05-03,SKU-1024,Flour,171.0,0,1491.0,7
2026-05-04,SKU-1024,Flour,217.0,2124,3398.0,7
2026-05-05,SKU-1024,Flour,208.0,0,3190.0,7
2026-05-06,SKU-1024,Flour,291.0,0,2899.0,7
2026-05-07,SKU-1024,Flour,287.0,0,2612.0,7
2026-05-08,SKU-1024,Flour,295.0,0,2317.0,7
2026-05-09,SKU-1024,Flour,229.0,0,2088.0,7
2026-05-10,SKU-1024,Flour,231.0,0,1857.0,7
2026-05-11,SKU-1024,Flour,365.0,0,1492.0,7
2026-05-12,SKU-1024,Flour,243.0,2004,3253.0,7
2026-05-13,SKU-1024,Flour,211.0,0,,7
2026-05-14,SKU-1024,Flour,295.0,0,2747.0,7
2026-05-15,SKU-1024,Flour,228.0,0,2519.0,7
2026-05-16,SKU-1024,Flour,166.0,0,2353.0,7
2026-05-17,SKU-1024,Flour,154.0,0,2199.0,7
2026-05-18,SKU-1024,Flour,182.0,0,2017.0,7
2026-05-19,SKU-1024,Flour,332.0,0,1685.0,7
2026-05-20,SKU-1024,Flour,298.0,2497,3884.0,7
2026-05-21,SKU-1024,Flour,274.0,0,3610.0,7
2026-05-22,SKU-1024,Flour,233.0,0,3377.0,7
2026-05-23,SKU-1024,Flour,199.0,0,3178.0,7
2026-05-24,SKU-1024,Flour,266.0,0,2912.0,7
2026-05-25,SKU-1024,Flour,288.0,0,2624.0,7
2026-05-26,SKU-1024,Flour,231.0,0,2393.0,7
2026-05-27,SKU-1024,Flour,356.0,0,2037.0,7
2026-05-28,SKU-1024,Flour,315.0,0,1722.0,7
2026-05-29,SKU-1024,Flour,287.0,2258,3693.0,7
2026-05-30,SKU-1024,Flour,245.0,0,3448.0,7
2026-05-31,SKU-1024,Flour,225.0,0,3223.0,7
2026-06-01,SKU-1024,Flour,171.0,0,3052.0,7
2026-06-02,SKU-1024,Flour,366.0,0,2686.0,7
2026-06-03,SKU-1024,Flour,290.0,0,2396.0,7
2026-06-04,SKU-1024,Flour,212.0,0,2184.0,7
2026-06-05,SKU-1024,Flour,259.0,0,1925.0,7
2026-06-06,SKU-1024,Flour,252.0,0,1673.0,7
2026-06-07,SKU-1024,Flour,153.0,0,1520.0,7
2026-06-08,SKU-1024,Flour,220.0,2248,3548.0,7
2026-06-09,SKU-1024,Flour,266.0,0,3282.0,7
2026-06-10,SKU-1024,Flour,299.0,0,2983.0,7
2026-06-11,SKU-1024,Flour,402.0,0,2581.0,7
2026-06-12,SKU-1024,Flour,245.0,0,2336.0,7
2026-06-13,SKU-1024,Flour,227.0,0,2109.0,7
2026-06-14,SKU-1024,Flour,189.0,0,1920.0,7
2026-06-15,SKU-1024,Flour,145.0,0,1775.0,7
2026-06-16,SKU-1024,Flour,668.0,2565,3672.0,7
2026-06-17,SKU-1024,Flour,341.0,0,3331.0,7
2026-06-18,SKU-1024,Flour,330.0,0,3001.0,7
2026-06-19,SKU-1024,Flour,233.0,0,2768.0,7
2026-06-20,SKU-1024,Flour,190.0,0,2578.0,7
2026-06-21,SKU-1024,Flour,182.0,0,2396.0,7
2026-06-22,SKU-1024,Flour,121.0,0,2275.0,7
2026-06-23,SKU-1024,FLOUR,257.0,0,2018.0,7
2026-06-24,SKU-1024,Flour,288.0,0,1730.0,7
2026-06-25,SKU-1024,Flour,224.0,0,1506.0,7
2026-06-26,SKU-1024,Flour,168.0,0,1338.0,7
2026-06-27,SKU-1024,Flour,153.0,2551,3736.0,7
2026-06-28,SKU-1024,Flour,203.0,0,3533.0,7
2026-06-29,SKU-1024,Flour,244.0,0,3289.0,7
2026-01-30,SKU-1016,Snacks,211.0,0,6445.0,14
2026-04-17,SKU-1008,Sugar,63.0,0,620.0,5
2026-03-04,SKU-1000,Snacks,76.0,0,1435.0,7
2026-02-14,SKU-1000,Snacks,104.0,0,,7
2026-06-07,SKU-1006,Sugar,371.0,0,8365.0,10
2026-04-21,SKU-1012,Beverages,407.0,0,11168.0,14
2026-06-14,SKU-1022,Snacks,149.0,0,337.0,3
2026-03-10,SKU-1003,Beverages,220.0,0,1454.0,7
2026-02-24,SKU-1018,Flour,493.0,0,1665.0,14
2026-05-26,SKU-1003,Beverages,221.0,1496,2292.0,7
2026-04-04,SKU-1005,Pasta,94.0,0,1661.0,10
2026-05-21,SKU-1012,Beverages,413.0,0,12444.0,14
2026-01-22,SKU-1005,Pasta,93.0,0,1212.0,10
2026-02-23,SKU-1014,Snacks,167.0,0,3896.0,7
2026-01-09,SKU-1020,Pasta,326.0,0,6001.0,14
2026-06-18,SKU-2000,Snacks,147.0,0,437.0,3
2026-06-19,SKU-2000,Snacks,308.0,0,129.0,14
2026-06-20,SKU-2000,Snacks,186.0,0,0.0,5
2026-06-21,SKU-2000,Snacks,204.0,0,0.0,14
2026-06-22,SKU-2000,Snacks,257.0,0,0.0,7
2026-06-23,SKU-2000,Snacks,130.0,0,0.0,3
2026-06-24,SKU-2000,Snacks,214.0,0,0.0,7
2026-06-25,SKU-2000,Snacks,270.0,0,0.0,14
2026-06-26,SKU-2000,Snacks,170.0,0,0.0,7
2026-06-27,SKU-2000,Snacks,238.0,0,0.0,7
2026-06-28,SKU-2000,Snacks,293.0,0,0.0,7
2026-06-29,SKU-2000,Snacks,224.0,0,0.0,10
2026-06-18,SKU-2001,Beverages,353.0,0,729.0,3
2026-06-19,SKU-2001,Beverages,215.0,0,514.0,10
2026-06-20,SKU-2001,Beverages,353.0,0,161.0,10
2026-06-21,SKU-2001,Beverages,228.0,0,0.0,10
2026-06-22,SKU-2001,Beverages,298.0,0,0.0,3
2026-06-23,SKU-2001,Beverages,240.0,0,0.0,10
2026-06-24,SKU-2001,Beverages,232.0,0,0.0,14
2026-06-25,SKU-2001,Beverages,283.0,0,0.0,5
2026-06-26,SKU-2001,Beverages,316.0,0,0.0,5
2026-06-27,SKU-2001,Beverages,256.0,0,0.0,5
2026-06-28,SKU-2001,Beverages,348.0,0,0.0,3
2026-06-29,SKU-2001,Beverages,277.0,0,0.0,14
2026-06-18,SKU-2002,Flour,293.0,0,872.0,7
2026-06-19,SKU-2002,Flour,336.0,0,536.0,5
2026-06-20,SKU-2002,Flour,256.0,0,280.0,7
2026-06-21,SKU-2002,Flour,200.0,0,80.0,14
2026-06-22,SKU-2002,Flour,234.0,0,0.0,5
2026-06-23,SKU-2002,Flour,358.0,0,0.0,5
2026-06-24,SKU-2002,Flour,307.0,0,0.0,3
2026-06-25,SKU-2002,Flour,213.0,0,0.0,3
2026-06-26,SKU-2002,Flour,176.0,0,0.0,14
2026-06-27,SKU-2002,Flour,299.0,0,0.0,10
2026-06-28,SKU-2002,Flour,293.0,0,0.0,14
2026-06-29,SKU-2002,Flour,252.0,0,0.0,7
